FECHA,HORA,Pres.,PM2.5,PM1,NO,NO2,PM10,NOx,Veloc.,Direc.,Temp.,H.Rel.,Veloc.m√°x.
2025-01-01,0,,12,10,1.0,13.0,14,14.0,"0,1",319,"9,9",96,"0,1"
2025-01-01,1,,16,16,2.0,19.0,18,21.0,"0,1",320,"9,8",96,"0,3"
2025-01-01,2,,19,19,2.0,14.0,21,16.0,"0,1",320,"9,3",94,"0,2"
2025-01-01,3,,17,16,1.0,8.0,18,8.0,"0,1",324,9,93,"0,4"
2025-01-01,4,,12,12,1.0,7.0,14,8.0,"0,1",319,"9,2",93,"0,3"
2025-01-01,5,,10,9,1.0,7.0,11,7.0,"0,1",330,9,93,"0,2"
2025-01-01,6,,11,11,1.0,9.0,12,10.0,"0,1",329,"8,7",95,"0,1"
2025-01-01,7,,11,11,1.0,9.0,12,9.0,"0,1",321,9,94,"0,5"
2025-01-01,8,,11,10,2.0,12.0,12,14.0,"0,1",90,"9,1",95,"0,1"
2025-01-01,9,,10,10,2.0,11.0,11,14.0,"0,1",297,"9,2",95,"0,1"
2025-01-01,10,,10,10,2.0,11.0,12,14.0,"0,1",315,"10,1",93,"0,9"
2025-01-01,11,,7,6,13.0,21.0,9,41.0,"0,2",307,"10,9",87,"1,1"
2025-01-01,12,,7,6,4.0,17.0,11,23.0,"0,1",307,"11,9",82,"1,2"
2025-01-01,13,,9,7,11.0,24.0,13,41.0,"0,1",304,13,81,"0,4"
2025-01-01,14,,11,9,1.0,18.0,16,19.0,"0,1",57,"13,5",81,"0,1"
2025-01-01,15,,9,8,1.0,16.0,13,16.0,"0,1",135,14,79,"0,6"
2025-01-01,16,,9,8,4.0,20.0,13,25.0,"0,1",50,"13,7",80,"0,2"
2025-01-01,17,,9,6,1.0,25.0,18,25.0,"0,1",340,"13,4",81,"0,1"
2025-01-01,18,,13,9,4.0,44.0,34,48.0,"0,1",337,"12,8",84,"0,1"
2025-01-01,19,,11,9,4.0,34.0,15,39.0,"0,1",63,"12,3",88,"0,2"
2025-01-01,20,,13,12,15.0,47.0,17,69.0,"0,1",61,"11,5",95,"0,1"
2025-01-01,21,,14,13,13.0,36.0,16,56.0,"0,1",179,"10,6",96,"0,1"
2025-01-01,22,,18,17,19.0,36.0,20,64.0,"0,1",188,"10,4",96,"0,1"
2025-01-01,23,,17,16,20.0,32.0,18,63.0,"0,1",188,10,97,"0,1"
2025-01-02,0,,18,18,5.0,23.0,21,30.0,"0,1",249,10,96,"0,1"
2025-01-02,1,,18,18,7.0,20.0,20,31.0,"0,1",267,"9,9",96,"0,1"
2025-01-02,2,,15,15,6.0,19.0,17,27.0,"0,1",293,"9,2",95,"0,1"
2025-01-02,3,,12,11,2.0,16.0,17,19.0,"0,1",323,"8,8",93,"0,1"
2025-01-02,4,,8,7,2.0,13.0,9,15.0,"0,1",312,"8,2",93,"0,1"
2025-01-02,5,,8,7,4.0,16.0,9,22.0,"0,1",309,"7,5",94,"0,1"
2025-01-02,6,,6,5,18.0,25.0,9,52.0,"0,1",318,"7,3",92,"0,1"
2025-01-02,7,,7,6,122.0,38.0,12,225.0,"0,1",318,"6,6",94,"0,1"
2025-01-02,8,,9,7,285.0,51.0,16,488.0,"0,1",311,"6,5",94,"0,1"
2025-01-02,9,,11,9,231.0,49.0,25,404.0,"0,1",308,"7,4",92,"0,1"
2025-01-02,10,,9,6,81.0,39.0,22,164.0,"0,1",275,"9,4",85,"0,5"
2025-01-02,11,,5,2,31.0,23.0,19,70.0,"0,6",247,"12,4",70,"2,5"
2025-01-02,12,,5,2,17.0,21.0,18,46.0,"0,7",246,"13,9",63,"2,5"
2025-01-02,13,,5,2,8.0,17.0,21,29.0,"1,8",247,15,59,"4,1"
2025-01-02,14,,5,2,5.0,14.0,24,22.0,"2,5",247,"15,4",58,"5,3"
2025-01-02,15,,7,2,9.0,18.0,36,32.0,"1,5",254,"15,9",57,"3,6"
2025-01-02,16,,7,2,9.0,20.0,41,33.0,"1,4",250,"15,7",57,"3,6"
2025-01-02,17,,12,3,43.0,37.0,67,102.0,"0,8",253,"14,8",59,"2,7"
2025-01-02,18,,15,4,12.0,40.0,86,58.0,"0,2",256,"13,7",62,"1,2"
2025-01-02,19,,21,7,35.0,54.0,111,107.0,"0,1",230,"11,8",70,"0,1"
2025-01-02,20,,11,5,6.0,23.0,55,33.0,"0,1",248,"11,9",67,"0,6"
2025-01-02,21,,12,5,12.0,39.0,57,57.0,"0,1",293,"11,4",66,"0,2"
2025-01-02,22,,17,9,14.0,52.0,62,74.0,"0,1",351,"9,7",75,"0,1"
2025-01-02,23,,14,7,12.0,42.0,55,60.0,"0,1",323,9,75,"0,1"
2025-01-03,0,,8,5,3.0,16.0,24,21.0,"0,1",231,"9,1",72,"0,3"
2025-01-03,1,,5,3,1.0,8.0,11,9.0,"0,1",246,"9,7",65,"0,7"
2025-01-03,2,,3,3,1.0,4.0,6,5.0,"0,1",258,"9,4",65,"0,4"
2025-01-03,3,,3,3,1.0,4.0,7,6.0,"0,1",241,"9,4",64,"0,4"
2025-01-03,4,,4,3,2.0,9.0,9,12.0,"0,1",254,9,66,"0,4"
2025-01-03,5,,5,3,3.0,16.0,19,20.0,"0,1",261,"8,5",68,"0,1"
2025-01-03,6,,8,4,4.0,20.0,34,25.0,"0,1",262,"8,4",69,"0,6"
2025-01-03,7,,11,5,15.0,33.0,48,55.0,"0,1",251,"9,1",67,"1,1"
2025-01-03,8,,14,5,50.0,44.0,76,120.0,"0,1",258,9,67,"0,6"
2025-01-03,9,,13,6,24.0,39.0,59,76.0,"0,1",260,10,64,"0,3"
2025-01-03,10,,14,5,30.0,38.0,76,83.0,"0,6",253,"12,6",57,"2,4"
2025-01-03,11,,9,4,56.0,30.0,45,115.0,"1,5",246,"13,5",57,"3,5"
2025-01-03,12,,8,4,121.0,26.0,31,212.0,"1,7",245,"13,6",57,"4,3"
2025-01-03,13,,9,4,13.0,22.0,35,42.0,"1,4",245,"14,7",55,"3,8"
2025-01-03,14,,9,4,8.0,17.0,36,29.0,"1,9",247,"16,8",50,"4,6"
2025-01-03,15,,10,4,14.0,27.0,52,48.0,"0,5",245,"17,6",48,"2,8"
2025-01-03,16,,10,4,8.0,24.0,51,36.0,"0,6",250,"17,5",47,"2,6"
2025-01-03,17,,12,4,33.0,41.0,79,91.0,"0,3",249,"16,7",47,"2,2"
2025-01-03,18,,11,3,7.0,27.0,66,38.0,"0,3",251,"16,3",46,"2,5"
2025-01-03,19,,10,4,4.0,22.0,50,28.0,"0,3",247,"15,7",46,"1,8"
2025-01-03,20,,9,4,3.0,21.0,45,25.0,"0,2",250,"15,4",47,"1,6"
2025-01-03,21,,7,4,4.0,19.0,21,26.0,"0,2",252,"14,6",55,"1,7"
2025-01-03,22,,5,4,2.0,11.0,11,14.0,"0,6",255,14,58,"2,6"
2025-01-03,23,,4,3,1.0,9.0,12,11.0,"0,3",257,"13,9",55,2
2025-01-04,0,,6,4,1.0,8.0,18,9.0,"0,1",254,"13,9",56,"0,9"
2025-01-04,1,,5,3,1.0,7.0,12,8.0,"0,1",257,"13,5",57,"0,3"
2025-01-04,2,,5,4,2.0,7.0,13,10.0,"0,1",258,"13,4",56,"0,3"
2025-01-04,3,,5,4,1.0,4.0,8,4.0,"0,1",252,13,60,1
2025-01-04,4,,5,4,1.0,5.0,8,6.0,"0,1",248,"12,6",62,"1,5"
2025-01-04,5,,5,4,1.0,4.0,9,4.0,"0,4",250,12,63,2
2025-01-04,6,,6,4,1.0,5.0,12,6.0,"0,3",257,"11,6",64,2
2025-01-04,7,,8,4,9.0,15.0,30,29.0,"0,2",252,"11,4",64,"1,9"
2025-01-04,8,,8,5,11.0,17.0,26,35.0,"0,7",249,"10,8",66,"2,5"
2025-01-04,9,,11,5,14.0,25.0,51,46.0,"0,5",253,"11,5",64,"2,5"
2025-01-04,10,,10,4,12.0,19.0,51,37.0,"0,9",250,"12,7",60,"3,5"
2025-01-04,11,,12,5,9.0,17.0,53,30.0,"1,3",247,"14,1",58,"3,7"
2025-01-04,12,,11,5,8.0,16.0,54,28.0,"1,6",252,"15,2",55,"4,7"
2025-01-04,13,,11,6,10.0,17.0,45,32.0,"1,4",247,"15,8",55,"4,2"
2025-01-04,14,,11,5,6.0,16.0,52,25.0,1,251,"17,5",49,"3,7"
2025-01-04,15,,8,4,6.0,14.0,36,23.0,"1,4",243,"18,5",46,"3,8"
2025-01-04,16,,10,6,7.0,17.0,38,29.0,"1,1",251,"17,7",46,"3,2"
2025-01-04,17,,15,8,24.0,33.0,67,69.0,"0,2",250,"16,2",49,"1,4"
2025-01-04,18,,11,5,5.0,21.0,50,29.0,"0,1",248,15,52,"1,4"
2025-01-04,19,,9,4,5.0,22.0,38,30.0,"0,1",248,"14,6",52,"0,8"
2025-01-04,20,,12,6,8.0,27.0,57,39.0,"0,1",223,"13,7",56,"0,4"
2025-01-04,21,,9,5,4.0,18.0,33,23.0,"0,1",240,"12,8",60,"0,3"
2025-01-04,22,,24,16,5.0,31.0,69,39.0,"0,1",195,"12,4",61,"0,1"
2025-01-04,23,,38,21,2.0,25.0,140,28.0,"0,1",208,"11,5",65,"0,3"
2025-01-05,0,,8,6,3.0,10.0,23,14.0,"0,1",266,"11,8",64,"0,2"
2025-01-05,1,,7,5,2.0,4.0,17,6.0,"0,7",245,"11,6",64,"2,2"
2025-01-05,2,,6,5,1.0,3.0,10,5.0,"0,3",246,"11,3",64,"1,3"
2025-01-05,3,,8,6,1.0,3.0,11,4.0,"0,2",252,"10,9",65,"1,7"
2025-01-05,4,,8,6,1.0,3.0,12,5.0,"0,2",249,"10,6",64,"1,4"
2025-01-05,5,,8,6,1.0,2.0,12,4.0,"0,2",248,"10,3",65,"1,4"
2025-01-05,6,,8,6,1.0,3.0,14,5.0,"0,1",249,10,67,"0,5"
2025-01-05,7,,7,6,4.0,4.0,14,10.0,"0,3",248,"10,3",66,"1,9"
2025-01-05,8,,8,6,6.0,6.0,18,15.0,"1,3",246,"10,1",67,"3,3"
2025-01-05,9,,8,5,5.0,6.0,25,13.0,"0,9",246,11,64,"3,1"
2025-01-05,10,,9,5,8.0,8.0,32,21.0,"1,6",250,"12,1",59,"4,2"
2025-01-05,11,,10,6,11.0,12.0,36,28.0,"1,5",250,"13,7",59,"4,2"
2025-01-05,12,,11,6,8.0,10.0,41,22.0,"2,4",249,"14,7",59,"5,7"
2025-01-05,13,,11,7,7.0,12.0,37,22.0,"0,9",248,"15,4",58,"3,5"
2025-01-05,14,,9,6,4.0,9.0,28,15.0,"1,5",253,"16,8",55,"4,3"
2025-01-05,15,,8,4,5.0,11.0,25,19.0,"0,9",246,"17,4",52,"3,8"
2025-01-05,16,,11,5,5.0,20.0,48,28.0,"0,1",241,"17,4",53,1
2025-01-05,17,,20,10,4.0,33.0,75,38.0,"0,1",132,"16,4",59,"0,4"
2025-01-05,18,,14,10,3.0,26.0,40,30.0,"0,1",218,"15,2",62,"0,2"
2025-01-05,19,,20,12,7.0,35.0,66,45.0,"0,1",240,"14,1",64,"0,1"
2025-01-05,20,,25,9,14.0,44.0,103,66.0,"0,1",276,13,62,"0,1"
2025-01-05,21,,24,10,7.0,45.0,96,55.0,"0,1",264,"13,2",59,"0,1"
2025-01-05,22,,24,11,5.0,36.0,79,43.0,"0,1",258,"12,6",60,"0,1"
2025-01-05,23,,21,9,3.0,25.0,69,30.0,"0,1",277,"12,2",61,"0,1"
2025-01-06,0,,26,11,7.0,32.0,102,43.0,"0,1",328,"11,9",63,"0,1"
2025-01-06,1,,19,8,4.0,22.0,64,28.0,"0,1",284,12,63,"0,1"
2025-01-06,2,,14,7,2.0,11.0,38,14.0,"0,1",49,"11,1",66,"0,1"
2025-01-06,3,,13,7,3.0,9.0,31,13.0,"0,1",13,"10,7",66,"0,1"
2025-01-06,4,,10,5,2.0,6.0,26,9.0,"0,1",278,11,64,"0,2"
2025-01-06,5,,9,5,2.0,8.0,23,11.0,"0,1",69,"11,2",64,"0,1"
2025-01-06,6,,9,5,2.0,11.0,24,14.0,"0,1",70,"10,7",67,"0,1"
2025-01-06,7,,11,6,7.0,25.0,36,37.0,"0,1",80,"10,5",70,"0,1"
2025-01-06,8,,10,4,5.0,18.0,38,25.0,"0,6",272,11,71,"1,6"
2025-01-06,9,,3,1,3.0,6.0,12,11.0,"1,4",250,"14,2",62,"3,9"
2025-01-06,10,,3,1,3.0,7.0,18,12.0,"1,4",250,"14,6",59,"4,3"
2025-01-06,11,,4,1,5.0,11.0,23,18.0,1,252,"14,9",59,3
2025-01-06,12,,4,1,5.0,12.0,27,19.0,"1,6",248,"15,3",60,"4,6"
2025-01-06,13,,6,1,7.0,13.0,45,24.0,2,245,"15,6",58,"4,9"
2025-01-06,14,,4,1,5.0,11.0,21,19.0,"1,6",248,"15,8",58,"4,2"
2025-01-06,15,,3,1,5.0,11.0,20,18.0,1,251,"16,3",57,"3,5"
2025-01-06,16,,3,1,4.0,11.0,17,17.0,"0,4",249,"16,1",59,"2,4"
2025-01-06,17,,4,2,4.0,17.0,22,23.0,"0,1",247,15,64,"0,3"
2025-01-06,18,,6,2,7.0,26.0,33,36.0,"0,1",265,"14,6",64,1
2025-01-06,19,,8,3,9.0,33.0,46,46.0,"0,1",262,"14,2",64,"0,2"
2025-01-06,20,,5,1,7.0,24.0,30,34.0,"0,2",271,"13,7",58,"1,2"
2025-01-06,21,,5,2,5.0,26.0,26,34.0,"0,1",271,"12,3",63,"0,1"
2025-01-06,22,,5,2,4.0,18.0,19,24.0,"0,1",281,"11,4",65,"0,1"
2025-01-06,23,,3,1,3.0,13.0,11,18.0,"0,1",266,"9,8",68,"0,3"
2025-01-07,0,,3,1,3.0,9.0,9,14.0,"0,1",264,"9,6",66,"0,4"
2025-01-07,1,,2,1,2.0,3.0,4,7.0,"0,1",257,"9,1",67,"0,2"
2025-01-07,2,,2,1,5.0,7.0,5,14.0,"0,1",273,"8,5",69,"0,1"
2025-01-07,3,,1,1,3.0,4.0,4,8.0,"0,1",259,"8,4",66,"0,1"
2025-01-07,4,,2,1,3.0,3.0,6,8.0,"0,1",235,"8,4",68,"0,5"
2025-01-07,5,,5,1,8.0,17.0,23,29.0,"0,1",252,"7,7",69,"0,1"
2025-01-07,6,,5,1,7.0,21.0,32,31.0,"0,1",266,"9,3",60,"0,4"
2025-01-07,7,,9,2,13.0,36.0,56,55.0,"0,1",255,"8,3",64,"0,6"
2025-01-07,8,,14,3,42.0,49.0,87,113.0,"0,1",228,"8,2",64,"0,6"
2025-01-07,9,,16,3,21.0,34.0,100,66.0,"0,3",252,"9,1",63,"1,8"
2025-01-07,10,,12,2,15.0,26.0,81,49.0,"0,9",247,"11,2",57,"3,4"
2025-01-07,11,,8,2,11.0,18.0,52,35.0,"1,8",245,"13,2",51,"4,2"
2025-01-07,12,,13,2,8.0,13.0,84,26.0,"2,5",245,"14,2",47,"4,9"
2025-01-07,13,,9,2,8.0,11.0,55,23.0,"3,1",249,"14,1",50,"6,3"
2025-01-07,14,,7,3,7.0,10.0,36,21.0,"3,3",246,"14,9",49,"6,2"
2025-01-07,15,,9,3,7.0,13.0,55,23.0,"2,6",247,"15,7",45,"5,9"
2025-01-07,16,,7,2,16.0,22.0,35,47.0,"1,4",247,"14,6",45,"4,3"
2025-01-07,17,,6,2,20.0,25.0,33,55.0,"1,3",247,"13,7",50,"3,7"
2025-01-07,18,,6,2,5.0,18.0,30,26.0,"1,5",253,"12,8",54,"4,5"
2025-01-07,19,,4,2,11.0,9.0,20,26.0,"2,2",251,"12,5",56,"5,1"
2025-01-07,20,,4,2,4.0,4.0,17,10.0,3,249,"12,5",58,"5,9"
2025-01-07,21,,4,2,3.0,3.0,10,8.0,"2,2",250,"12,5",59,"5,1"
2025-01-07,22,,3,2,3.0,3.0,9,8.0,"2,1",252,"12,4",60,"4,6"
2025-01-07,23,,3,2,3.0,2.0,10,6.0,"2,2",256,"12,4",61,"4,9"
2025-01-08,0,,3,2,2.0,2.0,5,5.0,"1,3",249,"12,1",63,"3,7"
2025-01-08,1,,2,1,2.0,1.0,3,4.0,"1,4",250,"11,8",65,"3,7"
2025-01-08,2,,2,1,2.0,1.0,3,4.0,"1,4",247,"11,8",66,"3,8"
2025-01-08,3,,2,1,2.0,1.0,3,4.0,"1,7",247,"12,1",65,"4,7"
2025-01-08,4,,2,1,3.0,1.0,5,6.0,"0,6",247,"11,8",66,"3,2"
2025-01-08,5,,2,1,3.0,2.0,6,6.0,"1,3",250,"11,6",67,4
2025-01-08,6,,2,1,3.0,3.0,6,7.0,"1,8",247,"11,7",67,"4,5"
2025-01-08,7,,4,1,7.0,13.0,14,25.0,"1,1",247,"11,4",69,"3,3"
2025-01-08,8,,5,2,10.0,18.0,25,33.0,"1,2",249,"11,6",68,"3,7"
2025-01-08,9,,6,2,10.0,16.0,33,30.0,"1,1",245,"12,7",66,"3,3"
2025-01-08,10,,6,2,9.0,15.0,32,28.0,"0,9",247,"13,6",63,"3,5"
2025-01-08,11,,7,2,11.0,16.0,40,32.0,"1,3",248,"15,7",56,"3,5"
2025-01-08,12,,8,2,9.0,14.0,47,27.0,"2,2",249,"16,9",50,5
2025-01-08,13,,8,2,11.0,15.0,48,32.0,"2,2",246,"17,8",46,"5,2"
2025-01-08,14,,9,3,9.0,18.0,53,32.0,"1,3",249,"18,7",43,"4,5"
2025-01-08,15,,13,3,16.0,29.0,88,53.0,"0,6",252,19,42,"3,3"
2025-01-08,16,,16,3,14.0,29.0,111,50.0,"0,8",249,"18,6",39,"3,8"
2025-01-08,17,,14,3,29.0,40.0,84,83.0,"0,2",249,"17,5",42,"1,4"
2025-01-08,18,,15,3,13.0,36.0,102,56.0,"0,3",256,"17,4",40,"2,3"
2025-01-08,19,,10,3,9.0,29.0,62,42.0,"0,3",259,17,41,"1,4"
2025-01-08,20,,10,4,8.0,26.0,51,37.0,"0,5",259,"16,3",41,"1,9"
2025-01-08,21,,7,3,4.0,10.0,28,17.0,"1,4",247,"16,1",40,4
2025-01-08,22,,7,3,3.0,6.0,29,11.0,"2,2",250,"15,7",43,"5,4"
2025-01-08,23,,8,3,3.0,3.0,41,7.0,"2,5",250,"15,3",49,6
2025-01-09,0,,4,2,3.0,2.0,10,6.0,"1,8",247,"15,1",56,"5,2"
2025-01-09,1,,3,2,3.0,2.0,7,6.0,"1,3",245,"15,4",60,"3,6"
2025-01-09,2,,2,1,3.0,1.0,5,6.0,"1,2",248,"15,6",62,"4,1"
2025-01-09,3,,3,1,3.0,1.0,11,5.0,"2,3",246,"15,7",61,"5,5"
2025-01-09,4,,2,1,3.0,1.0,3,6.0,"1,4",245,"14,9",66,4
2025-01-09,5,,2,1,3.0,2.0,5,7.0,"1,4",246,"14,5",68,"3,5"
2025-01-09,6,,3,1,5.0,9.0,9,15.0,"0,8",251,"14,7",66,"2,6"
2025-01-09,7,,4,1,8.0,15.0,19,27.0,"1,5",250,"14,7",66,"3,8"
2025-01-09,8,,6,2,12.0,21.0,34,38.0,"0,9",242,"14,8",66,"3,2"
2025-01-09,9,,9,2,15.0,22.0,52,44.0,"0,9",247,"15,3",63,"3,1"
2025-01-09,10,,6,2,8.0,15.0,30,28.0,"1,3",247,16,60,"3,4"
2025-01-09,11,,8,2,7.0,10.0,44,21.0,"3,1",250,"17,4",56,"6,1"
2025-01-09,12,,8,2,5.0,7.0,48,15.0,"4,1",248,"18,3",54,"7,6"
2025-01-09,13,,23,3,7.0,10.0,157,21.0,"3,7",251,"19,3",50,"8,1"
2025-01-09,14,,9,2,7.0,11.0,49,21.0,"2,7",254,"20,2",48,"6,1"
2025-01-09,15,,8,2,9.0,13.0,39,26.0,3,252,"20,5",48,"6,3"
2025-01-09,16,,8,3,8.0,15.0,40,27.0,"2,6",251,20,50,"5,7"
2025-01-09,17,,11,3,15.0,26.0,62,49.0,"1,5",250,19,52,"3,9"
2025-01-09,18,,10,3,9.0,22.0,57,35.0,"1,5",255,"17,8",56,"4,1"
2025-01-09,19,,8,3,8.0,20.0,31,32.0,"0,6",252,17,59,"1,8"
2025-01-09,20,,11,4,9.0,33.0,47,45.0,"0,1",250,"15,6",64,"0,3"
2025-01-09,21,,10,5,6.0,29.0,36,37.0,"0,1",255,"14,2",69,"0,3"
2025-01-09,22,,7,4,4.0,14.0,20,20.0,"0,3",249,"14,2",70,"1,1"
2025-01-09,23,,5,3,4.0,8.0,10,13.0,"0,8",256,15,67,"2,8"
2025-01-10,0,,5,3,3.0,8.0,10,11.0,"1,1",254,15,67,"3,2"
2025-01-10,1,,4,2,2.0,5.0,6,8.0,"0,5",248,"14,7",67,2
2025-01-10,2,,3,2,2.0,4.0,5,8.0,"0,4",252,"14,3",68,2
2025-01-10,3,,3,2,2.0,3.0,5,6.0,"0,6",250,14,69,2
2025-01-10,4,,3,2,2.0,4.0,5,7.0,"0,7",256,"13,6",71,"2,2"
2025-01-10,5,,4,2,4.0,6.0,7,11.0,"1,1",254,"13,7",70,"3,2"
2025-01-10,6,,4,2,4.0,9.0,12,16.0,1,253,"13,8",70,"3,5"
2025-01-10,7,,5,2,9.0,16.0,24,29.0,"1,8",254,"13,8",70,"4,4"
2025-01-10,8,1023.0,8,3,8.0,16.0,44,28.0,"2,1",254,"14,1",69,"5,2"
2025-01-10,9,1023.0,25,4,27.0,29.0,198,70.0,"1,6",258,"14,5",68,"4,4"
2025-01-10,10,1023.0,15,3,9.0,17.0,105,32.0,"1,9",251,"15,6",65,"4,4"
2025-01-10,11,1024.0,10,3,6.0,13.0,60,21.0,"1,8",250,"16,6",62,"4,2"
2025-01-10,12,1023.0,21,3,10.0,18.0,145,33.0,"2,3",252,"17,9",57,"5,2"
2025-01-10,13,1022.0,12,3,5.0,13.0,75,21.0,"2,9",247,"18,6",55,"5,6"
2025-01-10,14,1021.0,8,2,5.0,11.0,50,18.0,"3,1",245,"19,5",52,6
2025-01-10,15,1021.0,11,2,7.0,15.0,70,25.0,"2,7",249,"19,8",50,5
2025-01-10,16,1021.0,9,2,5.0,14.0,48,22.0,"2,5",248,"19,4",51,5
2025-01-10,17,1021.0,8,3,7.0,15.0,38,26.0,"1,7",247,"17,5",55,"3,6"
2025-01-10,18,1022.0,8,3,5.0,15.0,42,24.0,"1,9",249,"16,8",56,5
2025-01-10,19,1022.0,7,2,5.0,13.0,42,21.0,"2,2",252,"16,3",56,"5,4"
2025-01-10,20,1022.0,7,3,6.0,13.0,30,21.0,"1,8",255,"16,1",56,"4,3"
2025-01-10,21,1022.0,6,2,4.0,13.0,25,19.0,"1,4",258,"15,9",56,"3,7"
2025-01-10,22,1022.0,6,3,7.0,13.0,24,23.0,"0,6",255,"15,1",58,"2,1"
2025-01-10,23,1022.0,4,2,3.0,6.0,11,10.0,"1,4",257,"14,9",60,"3,3"
2025-01-11,0,1022.0,5,2,3.0,5.0,22,9.0,"2,1",253,"15,6",59,5
2025-01-11,1,1022.0,5,3,3.0,6.0,16,11.0,"1,7",254,"15,1",61,"4,4"
2025-01-11,2,1021.0,4,2,3.0,5.0,15,9.0,"1,8",253,"15,2",62,"4,7"
2025-01-11,3,1021.0,3,2,2.0,3.0,7,7.0,"1,1",255,"15,5",62,"3,7"
2025-01-11,4,1020.0,2,1,2.0,3.0,4,6.0,"0,6",243,"15,6",64,"2,4"
2025-01-11,5,1020.0,2,1,2.0,3.0,8,7.0,"1,7",251,"16,1",63,"4,2"
2025-01-11,6,1020.0,2,1,2.0,3.0,9,7.0,"2,2",253,"16,4",63,"4,9"
2025-01-11,7,1021.0,2,1,4.0,7.0,10,13.0,"1,9",251,"16,2",64,"4,3"
2025-01-11,8,1021.0,4,1,6.0,10.0,26,19.0,"2,3",252,"16,1",65,"4,7"
2025-01-11,9,1020.0,6,1,6.0,10.0,38,19.0,"2,1",253,"16,3",65,"5,1"
2025-01-11,10,1020.0,11,1,8.0,14.0,82,26.0,"2,6",253,"16,7",65,"5,9"
2025-01-11,11,1022.0,11,2,9.0,15.0,89,28.0,"2,2",256,"18,1",62,"5,6"
2025-01-11,12,1022.0,6,1,6.0,11.0,43,20.0,"2,6",248,20,58,"5,5"
2025-01-11,13,1020.0,6,1,7.0,13.0,39,23.0,"1,9",248,"21,3",54,"4,2"
2025-01-11,14,1019.0,8,1,5.0,14.0,65,22.0,"1,1",262,"23,1",45,"3,1"
2025-01-11,15,1019.0,3,1,3.0,11.0,20,15.0,"0,7",242,"24,5",35,"3,5"
2025-01-11,16,1020.0,9,1,2.0,11.0,71,15.0,"1,3",234,24,36,"4,9"
2025-01-11,17,1021.0,7,1,2.0,13.0,57,16.0,"1,2",234,"22,2",38,"4,9"
2025-01-11,18,1022.0,4,1,2.0,10.0,29,13.0,"1,2",289,"20,7",41,"4,1"
2025-01-11,19,1023.0,4,1,4.0,13.0,31,20.0,"0,6",273,"19,4",43,"2,8"
2025-01-11,20,1023.0,7,2,8.0,34.0,46,46.0,"0,2",291,"17,9",47,"1,3"
2025-01-11,21,1023.0,8,2,10.0,39.0,49,53.0,"0,1",265,"16,3",53,"0,6"
2025-01-11,22,1024.0,10,4,5.0,25.0,52,33.0,"0,2",278,16,52,"1,2"
2025-01-11,23,1023.0,4,1,3.0,8.0,20,12.0,"0,5",273,17,41,"2,9"
2025-01-12,0,1023.0,7,1,3.0,3.0,56,7.0,"0,9",270,"17,1",34,"3,4"
2025-01-12,1,1023.0,3,1,3.0,6.0,12,10.0,"0,6",260,"15,4",43,"2,7"
2025-01-12,2,1024.0,6,1,3.0,1.0,47,5.0,1,280,"15,7",39,"4,6"
2025-01-12,3,1023.0,18,2,3.0,1.0,145,4.0,"2,1",283,"15,8",39,"7,2"
2025-01-12,4,1023.0,2,1,3.0,1.0,12,4.0,"0,8",272,"14,8",42,"3,7"
2025-01-12,5,1023.0,2,1,3.0,4.0,9,8.0,"0,7",265,"14,2",44,"3,1"
2025-01-12,6,1023.0,2,1,3.0,2.0,10,7.0,"0,6",270,"13,7",47,"2,5"
2025-01-12,7,1023.0,4,1,4.0,3.0,25,9.0,"0,9",270,"13,9",46,"3,5"
2025-01-12,8,1024.0,19,1,3.0,3.0,156,8.0,"1,8",271,"14,4",43,"6,2"
2025-01-12,9,1024.0,21,1,7.0,9.0,172,19.0,"1,6",271,"14,8",43,"5,9"
2025-01-12,10,1024.0,8,1,8.0,16.0,64,28.0,"0,9",258,"15,9",40,"2,9"
2025-01-12,11,1024.0,5,1,4.0,6.0,34,11.0,"1,3",245,"17,9",34,"4,8"
2025-01-12,12,1024.0,4,1,4.0,7.0,24,13.0,"1,3",263,"18,5",32,"4,5"
2025-01-12,13,1023.0,3,1,5.0,11.0,18,17.0,"1,2",103,"17,8",37,"3,2"
2025-01-12,14,1023.0,4,1,3.0,6.0,18,10.0,"1,4",98,"17,5",42,"3,2"
2025-01-12,15,1023.0,3,1,2.0,4.0,15,7.0,"1,2",95,"17,3",46,"3,3"
2025-01-12,16,1023.0,3,1,3.0,8.0,15,13.0,"1,5",98,"16,8",46,"3,3"
2025-01-12,17,1024.0,5,2,3.0,10.0,22,14.0,"0,3",93,"15,5",56,"1,4"
2025-01-12,18,1025.0,8,3,4.0,19.0,39,25.0,"0,1",95,"14,4",58,"0,8"
2025-01-12,19,1025.0,9,3,4.0,16.0,35,21.0,"0,4",98,"13,4",62,"1,6"
2025-01-12,20,1026.0,11,5,3.0,10.0,30,15.0,"0,9",100,"12,6",69,"2,7"
2025-01-12,21,1027.0,11,4,3.0,10.0,33,15.0,"0,2",99,12,69,"1,2"
2025-01-12,22,1027.0,11,5,3.0,8.0,31,13.0,"0,1",64,"11,7",69,"0,3"
2025-01-12,23,1028.0,11,4,3.0,8.0,32,13.0,"0,1",109,"11,7",69,"0,2"
2025-01-13,0,1028.0,13,7,7.0,28.0,35,38.0,"0,1",256,"10,4",76,"0,1"
2025-01-13,1,1027.0,17,11,5.0,27.0,38,35.0,"0,1",256,"9,7",80,"0,1"
2025-01-13,2,1027.0,17,12,3.0,15.0,33,20.0,"0,1",284,"8,9",78,"0,1"
2025-01-13,3,1027.0,9,6,3.0,9.0,17,14.0,"0,1",294,"8,2",64,"0,1"
2025-01-13,4,1027.0,8,5,5.0,7.0,19,13.0,"0,1",296,"7,9",64,"0,3"
2025-01-13,5,1027.0,10,6,5.0,12.0,26,20.0,"0,1",295,"7,2",69,"0,4"
2025-01-13,6,1027.0,14,7,13.0,33.0,49,53.0,"0,1",275,"6,1",72,"0,4"
2025-01-13,7,1027.0,20,7,36.0,56.0,102,111.0,"0,1",277,6,70,"0,2"
2025-01-13,8,1028.0,39,13,76.0,77.0,203,194.0,"0,1",269,"5,6",72,"0,2"
2025-01-13,9,1028.0,30,8,55.0,75.0,166,158.0,"0,1",274,"6,4",64,"0,4"
2025-01-13,10,1028.0,23,7,26.0,50.0,124,90.0,"0,3",273,"8,1",60,"1,3"
2025-01-13,11,1028.0,20,6,23.0,44.0,109,79.0,"0,3",261,"10,6",52,"1,8"
2025-01-13,12,1028.0,17,5,18.0,33.0,84,60.0,"0,3",271,"12,8",46,"1,4"
2025-01-13,13,1027.0,13,3,11.0,24.0,79,41.0,"0,3",277,14,36,"1,5"
2025-01-13,14,1026.0,9,3,10.0,19.0,51,34.0,"0,1",198,"14,3",27,"0,8"
2025-01-13,15,1026.0,10,3,16.0,34.0,53,58.0,"0,6",123,"14,8",29,"2,1"
2025-01-13,16,1026.0,12,3,18.0,46.0,62,72.0,"1,2",96,"13,7",36,"2,9"
2025-01-13,17,1026.0,14,4,20.0,55.0,78,86.0,"0,4",91,"12,6",42,"1,9"
2025-01-13,18,1027.0,19,5,9.0,57.0,108,70.0,"0,1",92,"11,6",49,"0,4"
2025-01-13,19,1028.0,15,6,14.0,71.0,66,91.0,"0,1",82,"10,9",52,"0,1"
2025-01-13,20,1028.0,32,9,54.0,83.0,164,165.0,"0,1",38,"9,6",58,"0,1"
2025-01-13,21,1029.0,28,10,38.0,80.0,125,137.0,"0,1",332,"8,3",61,"0,2"
2025-01-13,22,1030.0,19,11,10.0,62.0,54,77.0,"0,1",326,"7,9",61,"0,2"
2025-01-13,23,1030.0,15,10,4.0,35.0,36,41.0,"0,1",316,"7,1",63,"0,3"
2025-01-14,0,1030.0,15,11,4.0,26.0,33,32.0,"0,1",305,"6,1",64,"0,6"
2025-01-14,1,1030.0,9,6,4.0,13.0,18,19.0,"0,1",316,"5,7",65,1
2025-01-14,2,1030.0,8,5,4.0,11.0,16,16.0,"0,1",311,"5,2",66,"0,7"
2025-01-14,3,1030.0,8,6,4.0,10.0,18,16.0,"0,1",291,"4,9",66,"0,7"
2025-01-14,4,1030.0,8,5,4.0,9.0,18,15.0,"0,1",327,"4,8",66,"1,1"
2025-01-14,5,1029.0,8,5,4.0,13.0,21,19.0,"0,1",313,"4,5",67,"0,7"
2025-01-14,6,1030.0,12,6,13.0,31.0,40,51.0,"0,1",295,"3,7",70,"0,2"
2025-01-14,7,1030.0,20,8,47.0,66.0,97,138.0,"0,1",270,"3,6",68,"0,2"
2025-01-14,8,1031.0,29,7,63.0,75.0,174,172.0,"0,1",281,"3,2",72,"0,2"
2025-01-14,9,1031.0,26,8,50.0,74.0,138,150.0,"0,1",295,"4,6",63,"0,5"
2025-01-14,10,1031.0,28,9,46.0,71.0,152,142.0,"0,1",271,"6,8",52,"0,8"
2025-01-14,11,1031.0,31,11,37.0,67.0,157,123.0,"0,1",264,"9,5",45,"1,2"
2025-01-14,12,1031.0,18,6,21.0,44.0,92,76.0,"0,1",254,"11,5",38,"0,8"
2025-01-14,13,1030.0,13,5,15.0,35.0,63,58.0,"0,2",159,"12,3",37,"1,2"
2025-01-14,14,1029.0,17,8,13.0,34.0,72,54.0,"0,7",107,"12,4",40,"1,8"
2025-01-14,15,1028.0,15,8,44.0,59.0,55,125.0,"0,5",102,13,40,"1,8"
2025-01-14,16,1028.0,14,6,32.0,54.0,65,103.0,"1,1",99,"12,8",36,"2,5"
2025-01-14,17,1028.0,13,5,14.0,47.0,63,68.0,"1,4",100,"11,5",42,"2,9"
2025-01-14,18,1028.0,21,6,33.0,70.0,117,120.0,"0,1",98,10,51,"0,4"
2025-01-14,19,1029.0,46,10,80.0,93.0,268,215.0,"0,1",97,"8,1",60,"0,1"
2025-01-14,20,1029.0,35,13,57.0,76.0,156,163.0,"0,1",97,"6,1",67,"0,1"
2025-01-14,21,1029.0,40,17,45.0,74.0,161,143.0,"0,1",340,6,67,"0,2"
2025-01-14,22,1030.0,28,17,20.0,62.0,86,93.0,"0,1",299,"5,7",65,"0,3"
2025-01-14,23,1030.0,23,16,10.0,45.0,60,61.0,"0,1",302,"5,2",66,"0,2"
2025-01-15,0,1030.0,16,12,4.0,23.0,34,29.0,"0,1",299,5,64,"0,2"
2025-01-15,1,1029.0,13,10,4.0,17.0,27,23.0,"0,1",317,"4,6",61,"0,6"
2025-01-15,2,1029.0,11,9,5.0,28.0,20,36.0,"0,1",262,"3,6",62,"0,4"
2025-01-15,3,1028.0,11,9,4.0,21.0,20,27.0,"0,1",249,"2,9",65,"0,1"
2025-01-15,4,1028.0,10,8,5.0,15.0,16,22.0,"0,1",258,"1,9",69,"0,1"
2025-01-15,5,1028.0,11,8,8.0,22.0,26,35.0,"0,1",260,"1,2",70,"0,1"
2025-01-15,6,1028.0,16,10,26.0,33.0,50,74.0,"0,1",279,"0,9",71,"0,1"
2025-01-15,7,1028.0,27,10,49.0,61.0,128,136.0,"0,1",298,"2,1",64,"0,1"
2025-01-15,8,1028.0,44,12,114.0,110.0,249,285.0,"0,1",276,"2,7",59,"0,3"
2025-01-15,9,1028.0,48,15,67.0,75.0,249,177.0,"0,1",255,"3,2",56,"0,3"
2025-01-15,10,1028.0,37,20,27.0,46.0,141,87.0,"0,1",257,"5,9",50,"0,7"
2025-01-15,11,1028.0,28,11,24.0,48.0,145,85.0,"0,1",260,"9,4",38,"0,3"
2025-01-15,12,1027.0,26,13,21.0,46.0,115,78.0,"0,1",175,"11,3",36,"0,6"
2025-01-15,13,1026.0,16,7,12.0,27.0,81,47.0,"0,1",258,"13,2",28,"0,5"
2025-01-15,14,1024.0,20,8,11.0,31.0,96,48.0,"0,4",137,"13,4",31,"1,3"
2025-01-15,15,1023.0,18,10,14.0,37.0,66,59.0,"0,4",98,"13,6",32,"1,7"
2025-01-15,16,1023.0,19,8,13.0,38.0,83,58.0,"0,4",101,"13,4",35,"1,7"
2025-01-15,17,1023.0,21,10,6.0,38.0,84,46.0,"0,2",96,"11,9",58,"1,2"
2025-01-15,18,1023.0,23,11,12.0,53.0,97,71.0,"0,1",91,"10,6",70,"0,2"
2025-01-15,19,1023.0,105,21,93.0,82.0,599,225.0,"0,1",90,9,78,"0,1"
2025-01-15,20,1023.0,58,25,54.0,71.0,237,154.0,"0,1",90,"7,5",82,"0,1"
2025-01-15,21,1022.0,52,32,59.0,69.0,149,160.0,"0,1",220,"6,7",82,"0,1"
2025-01-15,22,1022.0,54,35,40.0,62.0,156,124.0,"0,1",303,"6,1",76,"0,1"
2025-01-15,23,1022.0,41,30,18.0,51.0,97,78.0,"0,1",310,"5,9",71,"0,2"
2025-01-16,0,1022.0,35,26,11.0,42.0,77,58.0,"0,1",315,"5,8",67,"0,4"
2025-01-16,1,1022.0,23,18,4.0,26.0,45,32.0,"0,1",308,"5,8",62,"0,2"
2025-01-16,2,1022.0,26,21,5.0,23.0,53,32.0,"0,1",320,"5,3",62,"0,3"
2025-01-16,3,1022.0,20,15,4.0,18.0,44,24.0,"0,1",315,"4,9",61,"0,7"
2025-01-16,4,1022.0,19,16,4.0,17.0,40,24.0,"0,1",321,"4,5",60,"0,7"
2025-01-16,5,1022.0,18,13,5.0,19.0,41,27.0,"0,1",316,"4,3",59,"0,8"
2025-01-16,6,1023.0,20,11,10.0,33.0,73,49.0,"0,1",323,"4,4",58,"0,3"
2025-01-16,7,1023.0,23,13,29.0,47.0,81,91.0,"0,3",318,"4,2",59,"1,8"
2025-01-16,8,1024.0,21,10,30.0,52.0,90,99.0,"0,2",317,"4,4",54,"1,9"
2025-01-16,9,1024.0,29,13,70.0,72.0,124,179.0,"0,1",318,"5,2",50,"1,5"
2025-01-16,10,1024.0,39,16,51.0,70.0,178,148.0,"0,1",306,"8,2",47,"0,8"
2025-01-16,11,1024.0,25,9,16.0,41.0,121,66.0,"0,5",73,"12,4",52,"2,3"
2025-01-16,12,1024.0,16,7,5.0,19.0,72,26.0,"1,2",86,"13,6",60,"4,5"
2025-01-16,13,1023.0,15,6,4.0,17.0,62,25.0,1,95,"13,7",61,"3,9"
2025-01-16,14,1023.0,14,6,3.0,12.0,59,16.0,"1,5",92,"13,5",62,5
2025-01-16,15,1022.0,13,5,4.0,18.0,68,25.0,"1,7",91,"13,5",57,"5,2"
2025-01-16,16,1023.0,7,3,10.0,34.0,30,50.0,"1,2",91,11,75,4
2025-01-16,17,1024.0,6,3,4.0,18.0,16,24.0,"1,1",98,10,82,"4,3"
2025-01-16,18,1025.0,4,3,4.0,23.0,8,29.0,"0,2",136,"8,9",88,"1,9"
2025-01-16,19,1025.0,3,2,3.0,17.0,7,23.0,"0,6",144,"9,1",85,"3,3"
2025-01-16,20,1026.0,2,2,5.0,15.0,4,23.0,"0,3",294,"8,1",88,"2,9"
2025-01-16,21,1026.0,3,3,6.0,17.0,5,25.0,"0,1",292,"7,7",89,"1,2"
2025-01-16,22,1026.0,4,3,4.0,13.0,6,20.0,"0,1",273,"7,6",89,"0,9"
2025-01-16,23,1026.0,4,3,3.0,10.0,6,15.0,"0,1",150,"8,2",89,"0,9"
2025-01-17,0,1026.0,4,3,3.0,6.0,6,11.0,"0,2",99,"8,6",84,"1,7"
2025-01-17,1,1026.0,4,3,3.0,4.0,6,9.0,"0,3",170,"8,6",83,3
2025-01-17,2,1026.0,3,2,3.0,3.0,4,8.0,"0,5",154,"8,7",83,"3,1"
2025-01-17,3,1026.0,2,1,3.0,3.0,3,8.0,"0,4",161,"8,6",83,"3,4"
2025-01-17,4,1025.0,1,1,3.0,3.0,2,7.0,"0,4",191,"8,6",81,"2,6"
2025-01-17,5,1025.0,2,1,3.0,3.0,3,9.0,"0,6",200,"8,7",81,"3,4"
2025-01-17,6,1026.0,2,1,3.0,7.0,3,12.0,"0,7",135,"9,3",77,"3,6"
2025-01-17,7,1026.0,2,1,4.0,13.0,3,19.0,"0,5",178,"9,1",78,"3,1"
2025-01-17,8,1027.0,3,2,6.0,18.0,5,27.0,"0,7",120,"9,7",77,"3,5"
2025-01-17,9,1027.0,3,2,8.0,20.0,8,32.0,"0,8",145,"9,6",81,"3,8"
2025-01-17,10,1028.0,4,3,7.0,19.0,8,29.0,"0,5",164,"9,4",85,"3,2"
2025-01-17,11,1028.0,5,3,6.0,17.0,9,26.0,"0,6",133,10,83,"3,4"
2025-01-17,12,1028.0,4,2,5.0,17.0,8,25.0,"0,6",144,"10,2",80,"3,2"
2025-01-17,13,1027.0,6,4,5.0,20.0,12,27.0,"0,4",188,"10,3",82,3
2025-01-17,14,1027.0,7,5,5.0,19.0,13,26.0,"0,8",125,"11,2",75,"4,3"
2025-01-17,15,1027.0,7,5,4.0,18.0,12,25.0,"0,6",133,"11,6",70,"3,1"
2025-01-17,19,1027.0,8,5,3.0,24.0,16,29.0,"0,1",213,"11,5",64,"1,4"
2025-01-17,20,1028.0,12,7,5.0,39.0,31,47.0,"0,1",328,"10,7",67,"0,5"
2025-01-17,21,1028.0,16,11,5.0,42.0,38,50.0,"0,1",325,"9,8",70,"0,3"
2025-01-17,22,1028.0,16,11,4.0,43.0,33,50.0,"0,1",332,9,73,"0,2"
2025-01-17,23,1028.0,14,11,3.0,32.0,29,37.0,"0,1",326,"8,2",77,"0,2"
2025-01-18,0,1028.0,13,10,3.0,23.0,23,28.0,"0,1",332,"7,7",78,"0,2"
2025-01-18,1,1027.0,11,9,3.0,14.0,19,18.0,"0,1",326,"7,2",78,"0,5"
2025-01-18,2,1026.0,8,7,3.0,8.0,13,13.0,"0,1",323,"7,3",75,"1,1"
2025-01-18,3,1026.0,8,7,3.0,11.0,13,16.0,"0,1",314,"6,5",78,"0,2"
2025-01-18,4,1026.0,8,7,3.0,10.0,14,15.0,"0,1",327,"5,7",82,"0,1"
2025-01-18,5,1026.0,7,6,4.0,8.0,12,13.0,"0,1",302,"5,5",81,"0,1"
2025-01-18,6,1025.0,7,6,4.0,11.0,12,17.0,"0,1",308,"5,7",78,"0,2"
2025-01-18,7,1025.0,6,5,10.0,20.0,13,34.0,"0,1",304,"5,8",75,"0,3"
2025-01-18,8,1025.0,7,4,18.0,38.0,24,65.0,"0,1",280,"5,8",74,"0,2"
2025-01-18,9,1025.0,9,5,24.0,42.0,30,78.0,"0,1",277,"6,7",70,"0,7"
2025-01-18,10,1026.0,9,5,18.0,38.0,32,66.0,"0,1",263,"9,5",61,"1,2"
2025-01-18,11,1026.0,9,4,13.0,31.0,44,50.0,"0,4",263,12,56,"1,6"
2025-01-18,12,1025.0,11,4,12.0,36.0,60,54.0,"0,2",260,"14,3",50,"1,2"
2025-01-18,13,1023.0,10,4,10.0,33.0,55,48.0,"0,1",237,16,42,"0,6"
2025-01-18,14,1023.0,11,6,4.0,27.0,44,33.0,"0,4",103,"15,9",47,"1,4"
2025-01-18,15,1022.0,7,4,2.0,20.0,26,22.0,"1,1",98,"15,9",41,"2,8"
2025-01-18,18,1022.0,28,8,24.0,55.0,164,93.0,"0,1",121,"11,3",67,"0,1"
2025-01-18,19,1023.0,43,12,72.0,70.0,240,180.0,"0,1",122,"9,6",76,"0,1"
2025-01-18,20,1023.0,58,21,74.0,63.0,267,176.0,"0,1",215,"8,3",83,"0,1"
2025-01-18,21,1023.0,39,20,47.0,54.0,136,125.0,"0,1",253,"7,2",85,"0,1"
2025-01-18,22,1023.0,31,21,18.0,50.0,76,77.0,"0,1",295,"7,5",80,"0,2"
2025-01-18,23,1023.0,24,19,5.0,32.0,45,40.0,"0,1",315,"7,3",80,"0,3"
2025-01-19,0,1023.0,20,16,5.0,24.0,43,31.0,"0,1",313,"6,8",80,"0,2"
2025-01-19,1,1022.0,16,13,5.0,19.0,40,26.0,"0,1",312,"6,5",79,"0,4"
2025-01-19,2,1022.0,13,11,4.0,13.0,20,19.0,"0,1",292,"6,2",78,"0,3"
2025-01-19,3,1021.0,10,8,4.0,8.0,17,14.0,"0,1",300,6,76,"0,2"
2025-01-19,4,1021.0,11,9,4.0,13.0,18,19.0,"0,1",318,"5,3",79,"0,1"
2025-01-19,5,1021.0,12,10,4.0,11.0,22,16.0,"0,1",318,"4,5",83,"0,1"
2025-01-19,6,1021.0,11,9,4.0,9.0,24,15.0,"0,1",305,"3,9",85,"0,1"
2025-01-19,7,1021.0,12,9,14.0,23.0,27,44.0,"0,1",302,"3,6",86,"0,1"
2025-01-19,8,1021.0,14,9,35.0,36.0,49,90.0,"0,1",301,"3,2",85,"0,1"
2025-01-19,9,1021.0,15,9,25.0,29.0,59,67.0,"0,1",275,"4,2",80,"0,2"
2025-01-19,10,1022.0,15,8,13.0,18.0,61,38.0,"0,1",253,"7,4",69,"0,3"
2025-01-19,11,1022.0,12,7,7.0,16.0,52,27.0,"0,1",251,"10,3",57,"0,7"
2025-01-19,12,1021.0,15,9,5.0,18.0,54,25.0,"0,1",233,"12,4",52,"0,4"
2025-01-19,13,1020.0,13,7,6.0,23.0,49,31.0,"0,1",153,"13,8",44,"0,6"
2025-01-19,14,1019.0,12,6,5.0,22.0,50,29.0,"0,6",124,"14,3",41,"1,7"
2025-01-19,15,1018.0,7,4,2.0,14.0,22,16.0,"1,2",99,"14,1",40,"2,6"
2025-01-19,16,1018.0,7,4,1.0,14.0,27,14.0,"1,4",98,"13,6",49,"2,9"
2025-01-19,17,1018.0,8,5,1.0,15.0,28,16.0,"0,5",101,"12,6",61,"1,6"
2025-01-19,18,1019.0,13,7,4.0,27.0,49,34.0,"0,1",176,"11,3",68,"0,1"
2025-01-19,19,1019.0,26,11,11.0,43.0,116,60.0,"0,1",185,"9,8",75,"0,1"
2025-01-19,20,1020.0,29,13,31.0,56.0,127,104.0,"0,1",182,8,81,"0,1"
2025-01-19,21,1020.0,33,16,19.0,55.0,131,84.0,"0,1",190,"7,6",81,"0,2"
2025-01-19,22,1020.0,24,18,10.0,37.0,62,53.0,"0,1",259,"6,7",82,"0,1"
2025-01-19,23,1020.0,22,17,5.0,24.0,47,32.0,"0,1",283,"6,5",81,"0,1"
2025-01-20,0,1020.0,19,16,6.0,26.0,39,36.0,"0,1",277,"5,9",81,"0,2"
2025-01-20,1,1019.0,17,15,4.0,17.0,25,22.0,"0,1",267,"5,6",82,"0,3"
2025-01-20,2,1019.0,13,12,3.0,9.0,17,14.0,"0,1",259,"5,5",81,"0,1"
2025-01-20,3,1018.0,14,12,4.0,12.0,21,18.0,"0,1",303,"5,8",80,"0,1"
2025-01-20,4,1019.0,16,14,6.0,17.0,25,26.0,"0,1",319,"5,1",82,"0,1"
2025-01-20,5,1018.0,16,12,11.0,24.0,39,41.0,"0,1",319,"4,7",83,"0,1"
2025-01-20,6,1018.0,16,10,11.0,29.0,50,46.0,"0,1",287,"5,7",75,"0,4"
2025-01-20,7,1018.0,15,6,16.0,35.0,70,60.0,"0,1",248,"6,9",69,"0,3"
2025-01-20,8,1018.0,16,6,17.0,37.0,84,63.0,"0,2",253,"8,1",66,"1,1"
2025-01-20,9,1018.0,14,6,12.0,28.0,65,46.0,"0,6",249,"9,3",64,2
2025-01-20,10,1018.0,12,5,6.0,12.0,58,22.0,"1,6",248,"12,5",57,"3,9"
2025-01-20,13,1017.0,13,5,7.0,18.0,68,29.0,"1,6",245,"14,4",56,"3,3"
2025-01-20,14,1016.0,17,5,36.0,47.0,104,102.0,"0,6",247,"15,9",52,"1,9"
2025-01-20,15,1016.0,19,7,29.0,52.0,90,96.0,"0,1",292,"15,4",56,"0,3"
2025-01-20,16,1015.0,13,7,13.0,51.0,45,70.0,"0,5",85,"15,2",61,"1,5"
2025-01-20,17,1015.0,16,7,17.0,54.0,61,81.0,"0,1",117,"14,4",64,"0,4"
2025-01-20,18,1016.0,32,11,49.0,82.0,173,156.0,"0,1",128,"12,9",71,"0,1"
2025-01-20,19,1016.0,54,14,56.0,80.0,308,166.0,"0,1",128,"12,3",74,"0,1"
2025-01-20,20,1016.0,35,14,44.0,72.0,164,139.0,"0,1",128,"11,9",74,"0,1"
2025-01-20,21,1016.0,32,15,35.0,68.0,133,122.0,"0,1",127,"11,7",75,"0,1"
2025-01-20,22,1016.0,29,18,33.0,68.0,86,118.0,"0,1",338,"11,9",74,"0,3"
2025-01-20,23,1016.0,24,19,9.0,48.0,47,61.0,"0,1",249,"11,5",77,"0,3"
2025-01-21,0,1016.0,20,18,2.0,26.0,28,29.0,"0,1",246,"11,1",79,"0,1"
2025-01-21,1,1015.0,16,15,2.0,19.0,20,22.0,"0,1",246,11,84,"0,1"
2025-01-21,2,1015.0,12,11,6.0,17.0,15,27.0,"0,1",246,"10,8",89,"0,1"
2025-01-21,3,1014.0,11,10,2.0,17.0,13,21.0,"0,1",224,"10,6",93,"0,3"
2025-01-21,4,1014.0,13,13,3.0,17.0,15,21.0,"0,1",250,"10,7",90,"0,2"
2025-01-21,5,1014.0,11,10,5.0,18.0,13,26.0,"0,1",257,"10,4",93,"0,1"
2025-01-21,6,1014.0,11,10,24.0,29.0,13,66.0,"0,1",257,"10,4",94,"0,1"
2025-01-21,7,1014.0,13,12,83.0,54.0,17,182.0,"0,1",145,"10,7",94,"0,1"
2025-01-21,8,1014.0,15,13,147.0,72.0,24,296.0,"0,1",230,11,92,"0,1"
2025-01-21,9,1014.0,16,13,118.0,71.0,30,252.0,"0,1",235,"11,4",92,"0,2"
2025-01-21,10,1015.0,22,19,85.0,65.0,36,195.0,"0,1",240,"12,2",90,"0,3"
2025-01-21,11,1015.0,26,20,71.0,72.0,55,182.0,"0,1",249,"13,5",84,"0,3"
2025-01-21,12,1015.0,24,18,39.0,62.0,50,122.0,"0,1",124,"14,4",80,"0,4"
2025-01-21,13,1014.0,25,17,31.0,64.0,67,111.0,"0,2",121,"15,6",75,"0,8"
2025-01-21,14,1013.0,26,18,22.0,65.0,72,98.0,"0,1",163,"15,8",74,"0,3"
2025-01-21,15,1012.0,20,10,11.0,51.0,85,69.0,"0,3",98,"15,8",71,"1,5"
2025-01-21,16,1012.0,23,15,21.0,61.0,70,93.0,"0,5",98,"14,8",80,"1,8"
2025-01-21,17,1012.0,19,12,10.0,50.0,60,65.0,"0,2",101,"14,2",84,"0,9"
2025-01-21,18,1012.0,21,13,36.0,58.0,68,113.0,"0,1",105,"13,6",88,"0,1"
2025-01-21,19,1013.0,33,16,64.0,67.0,132,165.0,"0,1",105,"12,9",91,"0,1"
2025-01-21,20,1013.0,37,20,90.0,70.0,124,208.0,"0,1",130,"12,7",91,"0,1"
2025-01-21,21,1013.0,40,22,76.0,58.0,125,175.0,"0,1",200,"11,5",93,"0,1"
2025-01-21,22,1013.0,37,24,74.0,59.0,90,173.0,"0,1",276,"11,3",94,"0,1"
2025-01-21,23,1013.0,33,25,61.0,50.0,65,143.0,"0,1",239,11,94,"0,1"
2025-01-22,0,1013.0,29,23,33.0,41.0,50,92.0,"0,1",284,"10,6",95,"0,1"
2025-01-22,1,1012.0,28,24,30.0,36.0,44,82.0,"0,1",284,"10,7",94,"0,1"
2025-01-22,2,1012.0,24,20,23.0,31.0,37,66.0,"0,1",273,"10,6",94,"0,2"
2025-01-22,3,1011.0,24,21,14.0,31.0,32,53.0,"0,1",99,"10,6",93,"0,2"
2025-01-22,4,1011.0,20,18,8.0,26.0,26,38.0,"0,1",247,10,94,"0,8"
2025-01-22,5,1011.0,9,8,4.0,22.0,17,28.0,"0,1",234,"10,4",87,"0,2"
2025-01-22,6,1011.0,11,8,15.0,28.0,25,51.0,"0,1",25,"9,8",90,"0,1"
2025-01-22,7,1011.0,25,10,110.0,60.0,107,228.0,"0,1",118,9,92,"0,1"
2025-01-22,8,1011.0,22,9,115.0,70.0,89,246.0,"0,2",116,"9,1",90,"0,7"
2025-01-22,9,1012.0,28,12,164.0,86.0,116,336.0,"0,1",130,"9,9",87,"0,2"
2025-01-22,10,1012.0,29,15,82.0,78.0,101,204.0,"0,1",50,"12,7",75,"0,3"
2025-01-22,11,1012.0,36,19,62.0,91.0,138,187.0,"0,1",99,15,68,"0,8"
2025-01-22,12,1011.0,38,22,37.0,80.0,128,136.0,"0,3",104,"16,1",64,1
2025-01-22,15,1009.0,28,15,13.0,52.0,98,72.0,"0,3",95,"17,4",61,1
2025-01-22,16,1008.0,40,16,38.0,66.0,181,123.0,"0,1",156,"18,2",61,"0,5"
2025-01-22,17,1009.0,68,17,128.0,89.0,378,285.0,"0,1",184,"18,1",60,"0,4"
2025-01-22,18,1009.0,40,8,29.0,73.0,222,117.0,"0,2",245,"17,6",55,"0,7"
2025-01-22,19,1010.0,28,6,23.0,70.0,163,106.0,"0,1",260,"16,6",58,"0,5"
2025-01-22,20,1010.0,22,5,8.0,47.0,125,60.0,"0,2",258,"15,6",62,"1,1"
2025-01-22,21,1011.0,11,3,2.0,21.0,48,24.0,"0,3",249,"15,7",61,"1,7"
2025-01-22,22,1011.0,9,3,2.0,15.0,36,17.0,"0,1",248,15,65,"0,6"
2025-01-22,23,1012.0,8,3,1.0,15.0,27,16.0,"0,1",255,"13,2",72,"0,3"
2025-01-23,0,1012.0,7,3,1.0,7.0,17,8.0,"0,2",230,"13,2",72,"1,1"
2025-01-23,1,1012.0,6,3,1.0,8.0,16,9.0,"0,1",254,"12,6",74,"0,4"
2025-01-23,2,1012.0,5,2,1.0,5.0,11,7.0,"0,1",251,"12,7",74,"0,4"
2025-01-23,3,1012.0,5,2,1.0,5.0,11,7.0,"0,1",264,"12,5",75,"0,5"
2025-01-23,4,1012.0,7,4,2.0,12.0,17,14.0,"0,1",113,"11,5",80,"0,2"
2025-01-23,5,1013.0,7,3,2.0,9.0,20,12.0,"0,4",247,"12,6",73,"1,7"
2025-01-23,6,1013.0,7,3,3.0,10.0,21,15.0,"0,9",255,"13,6",69,"2,7"
2025-01-23,7,1013.0,8,3,5.0,15.0,29,23.0,"1,7",251,14,68,"3,8"
2025-01-23,8,1014.0,14,5,10.0,27.0,60,43.0,1,251,"14,7",67,"2,8"
2025-01-23,9,1015.0,14,4,10.0,28.0,70,45.0,"1,2",252,"15,8",66,"2,9"
2025-01-23,10,1015.0,9,3,7.0,17.0,38,28.0,"2,2",246,"17,6",61,"4,8"
2025-01-23,11,1016.0,14,3,8.0,25.0,82,37.0,"1,8",255,"18,3",59,"4,3"
2025-01-23,12,1015.0,15,2,3.0,22.0,110,27.0,"2,8",254,"20,1",53,"5,8"
2025-01-23,13,1015.0,13,2,7.0,31.0,83,40.0,"1,5",254,20,54,4
2025-01-23,14,1014.0,8,2,2.0,19.0,49,21.0,"2,3",247,"21,2",51,"4,7"
2025-01-23,15,1014.0,6,2,3.0,20.0,31,24.0,"1,5",246,"21,4",51,3
2025-01-23,16,1014.0,11,2,8.0,37.0,74,49.0,"0,6",254,"22,5",46,2
2025-01-23,17,1015.0,12,2,5.0,36.0,77,44.0,"0,3",238,"21,2",50,"1,1"
2025-01-23,18,1015.0,20,5,17.0,59.0,117,85.0,"0,3",244,"18,7",59,1
2025-01-23,19,1016.0,9,3,3.0,34.0,49,38.0,"0,1",254,"16,6",65,"0,9"
2025-01-23,20,1017.0,8,3,3.0,29.0,40,33.0,"0,2",258,"15,8",68,"1,2"
2025-01-23,21,1017.0,12,6,4.0,28.0,46,33.0,"0,1",242,"16,2",66,"0,6"
2025-01-23,22,1018.0,8,4,5.0,23.0,30,29.0,"0,1",244,"15,1",70,"0,4"
2025-01-23,23,1019.0,10,4,2.0,25.0,47,27.0,"0,1",288,"13,8",76,"0,1"
2025-01-24,0,1019.0,5,3,1.0,11.0,15,12.0,"0,1",256,14,75,"0,2"
2025-01-24,1,1019.0,3,2,1.0,8.0,6,9.0,"0,1",250,"14,2",75,"0,6"
2025-01-24,2,1019.0,4,3,1.0,8.0,8,8.0,"0,1",185,"13,6",78,"0,3"
2025-01-24,3,1019.0,4,3,1.0,10.0,7,12.0,"0,1",227,13,80,"0,4"
2025-01-24,4,1019.0,3,3,1.0,8.0,5,9.0,"0,3",245,"14,1",76,"1,3"
2025-01-24,5,1019.0,4,4,2.0,10.0,8,13.0,"0,2",249,"13,6",78,"1,3"
2025-01-24,6,1019.0,6,4,4.0,18.0,16,24.0,"0,2",254,"11,9",84,"0,6"
2025-01-24,7,1020.0,10,6,29.0,41.0,41,86.0,"0,1",260,"12,3",83,"0,5"
2025-01-24,8,1020.0,13,6,26.0,51.0,60,90.0,"0,2",253,"12,8",81,1
2025-01-24,9,1020.0,14,7,25.0,43.0,53,82.0,"0,5",253,"13,9",78,"1,9"
2025-01-24,10,1021.0,10,6,7.0,22.0,31,33.0,"1,2",245,"16,7",70,"2,6"
2025-01-24,11,1021.0,9,4,3.0,21.0,40,26.0,"1,7",247,"18,5",62,"3,9"
2025-01-24,12,1020.0,11,5,2.0,19.0,49,21.0,"2,2",250,"19,7",58,"4,4"
2025-01-24,13,1019.0,13,3,3.0,22.0,84,26.0,"2,5",251,"20,6",53,"5,6"
2025-01-24,14,1018.0,10,3,3.0,20.0,59,25.0,"2,6",250,"21,4",49,"5,6"
2025-01-24,15,1017.0,14,2,4.0,22.0,96,28.0,"2,3",252,22,46,"5,3"
2025-01-24,16,1017.0,13,2,7.0,29.0,84,39.0,"2,1",251,"21,8",45,"4,5"
2025-01-24,17,1017.0,15,3,8.0,44.0,102,56.0,"0,9",261,"20,7",49,"2,5"
2025-01-24,18,1017.0,17,4,14.0,52.0,111,73.0,"0,2",221,"18,6",55,"0,5"
2025-01-24,19,1017.0,20,8,15.0,56.0,98,79.0,"0,1",97,"16,4",70,"0,5"
2025-01-24,20,1017.0,16,6,10.0,53.0,84,69.0,"0,1",251,"16,3",62,"0,4"
2025-01-24,21,1017.0,11,6,3.0,31.0,44,35.0,"0,2",246,"15,4",65,"1,6"
2025-01-24,22,1017.0,7,5,1.0,16.0,17,17.0,"0,5",254,"14,6",68,"1,7"
2025-01-24,23,1017.0,7,4,1.0,12.0,17,13.0,"0,2",254,"13,7",71,1
2025-01-25,0,1017.0,5,3,1.0,8.0,12,9.0,"0,3",259,"13,7",70,"1,4"
2025-01-25,1,1016.0,4,3,1.0,5.0,9,6.0,"0,7",255,"14,2",69,"2,3"
2025-01-25,2,1016.0,4,3,1.0,4.0,6,4.0,"0,6",247,"12,8",74,"1,8"
2025-01-25,3,1016.0,4,3,1.0,3.0,5,5.0,"0,6",249,"13,7",71,"2,3"
2025-01-25,4,1016.0,4,3,1.0,4.0,6,5.0,"0,2",264,"12,8",73,"1,1"
2025-01-25,5,1016.0,4,3,1.0,4.0,8,6.0,"0,2",256,"12,5",75,"1,6"
2025-01-25,6,1015.0,5,4,2.0,5.0,9,7.0,"0,4",253,"12,6",75,"1,7"
2025-01-25,7,1015.0,6,4,3.0,7.0,11,11.0,"1,2",250,"12,7",75,"2,9"
2025-01-25,8,1016.0,6,4,4.0,7.0,15,13.0,"1,6",249,"12,7",76,"3,3"
2025-01-25,9,1016.0,8,4,5.0,9.0,25,16.0,"1,7",250,"14,4",71,"3,8"
2025-01-25,10,1016.0,16,11,7.0,18.0,44,29.0,"0,8",251,"15,4",70,"2,5"
2025-01-25,11,1016.0,10,5,4.0,11.0,41,17.0,"2,1",252,17,64,"4,1"
2025-01-25,12,1016.0,10,5,1.0,9.0,43,11.0,"2,6",245,"17,2",63,"5,2"
2025-01-25,13,1015.0,11,4,1.0,11.0,61,13.0,"2,9",248,"18,3",55,"5,7"
2025-01-25,14,1015.0,15,8,1.0,10.0,60,10.0,"2,9",245,"18,1",53,"5,8"
2025-01-25,15,1014.0,10,2,2.0,11.0,69,12.0,"2,5",255,"17,9",54,"5,6"
2025-01-25,16,1015.0,9,2,2.0,16.0,58,19.0,"1,2",264,"17,8",57,"4,2"
2025-01-25,17,1015.0,12,3,13.0,28.0,74,48.0,"0,6",265,"17,2",60,"2,2"
2025-01-25,18,1016.0,6,2,1.0,14.0,34,16.0,"1,8",255,17,60,"4,1"
2025-01-25,19,1017.0,5,2,2.0,15.0,29,18.0,1,251,"16,5",61,"2,6"
2025-01-25,20,1017.0,5,2,3.0,19.0,29,22.0,"0,5",260,"15,9",61,"1,9"
2025-01-25,21,1018.0,6,2,1.0,16.0,34,17.0,"0,2",291,"15,3",60,"0,9"
2025-01-25,22,1019.0,4,1,1.0,10.0,23,12.0,"0,3",283,"15,8",56,"1,3"
2025-01-25,23,1019.0,4,2,1.0,13.0,19,14.0,"0,2",284,"14,5",62,"1,3"
2025-01-26,0,1020.0,6,3,2.0,17.0,25,20.0,"0,2",109,"13,8",64,"0,8"
2025-01-26,1,1020.0,3,1,1.0,6.0,12,7.0,"0,3",232,"13,4",66,"1,3"
2025-01-26,2,1020.0,2,1,1.0,3.0,4,3.0,"1,5",252,"12,9",69,"3,4"
2025-01-26,3,1020.0,2,1,1.0,2.0,4,3.0,"0,7",252,"12,6",73,"2,2"
2025-01-26,4,1020.0,2,2,1.0,4.0,5,5.0,"0,1",246,"11,3",78,"0,7"
2025-01-26,5,1020.0,2,2,1.0,1.0,3,3.0,"0,5",250,"11,2",77,"1,7"
2025-01-26,6,1020.0,2,1,2.0,1.0,4,3.0,"0,7",247,"10,9",79,2
2025-01-26,7,1020.0,2,2,3.0,4.0,5,9.0,"0,2",244,"11,1",77,"1,3"
2025-01-26,8,1020.0,4,2,6.0,8.0,13,18.0,"0,5",256,"11,8",74,2
2025-01-26,9,1021.0,5,2,3.0,5.0,22,10.0,"1,9",250,"12,9",70,"4,3"
2025-01-26,10,1020.0,4,3,3.0,6.0,16,11.0,2,248,"14,3",66,"4,3"
2025-01-26,11,1020.0,5,2,1.0,6.0,21,7.0,"2,6",248,"15,8",59,"5,2"
2025-01-26,12,1020.0,4,2,1.0,6.0,20,6.0,"2,5",248,"17,2",53,"4,8"
2025-01-26,13,1019.0,7,1,1.0,7.0,42,7.0,"3,1",249,"18,6",50,"6,3"
2025-01-26,14,1017.0,7,1,1.0,9.0,48,9.0,"1,9",252,"19,1",49,"4,3"
2025-01-26,15,1016.0,3,1,1.0,6.0,15,6.0,2,245,"18,6",54,"4,6"
2025-01-26,16,1016.0,8,1,3.0,16.0,52,19.0,"1,5",250,"18,6",56,"3,2"
2025-01-26,17,1016.0,9,2,2.0,15.0,53,16.0,"0,9",129,"17,7",60,"2,3"
2025-01-26,18,1016.0,5,3,1.0,12.0,21,12.0,"0,2",103,"15,5",67,"1,3"
2025-01-26,19,1016.0,11,4,2.0,30.0,63,33.0,"0,1",212,"14,7",71,"0,2"
2025-01-26,20,1016.0,13,7,6.0,31.0,53,40.0,"0,2",260,14,75,"0,9"
2025-01-26,21,1016.0,16,10,3.0,32.0,52,36.0,"0,1",230,"14,3",71,"0,5"
2025-01-26,22,1015.0,6,4,1.0,13.0,15,13.0,"0,7",235,"16,2",67,"2,3"
2025-01-26,23,1015.0,7,5,2.0,15.0,20,17.0,"0,1",226,"14,8",67,"0,6"
2025-01-27,0,1014.0,4,3,1.0,8.0,11,8.0,"0,1",254,"15,1",63,"0,6"
2025-01-27,1,1013.0,3,3,1.0,7.0,7,7.0,"0,3",252,"16,1",61,"1,8"
2025-01-27,2,1013.0,4,3,1.0,6.0,11,6.0,"0,6",255,"17,1",57,"2,5"
2025-01-27,3,1012.0,2,2,1.0,4.0,5,4.0,"0,6",250,"17,8",58,"2,4"
2025-01-27,4,1011.0,2,1,1.0,3.0,6,3.0,"0,9",258,"18,3",60,"2,8"
2025-01-27,5,1011.0,2,1,1.0,6.0,7,6.0,"1,5",259,"18,6",60,"3,1"
2025-01-27,6,1010.0,2,1,1.0,11.0,11,11.0,"1,3",256,"18,3",62,"3,1"
2025-01-27,7,1010.0,4,1,5.0,26.0,22,33.0,"1,2",255,"18,2",62,"3,7"
2025-01-27,8,1010.0,6,1,5.0,26.0,37,33.0,"0,7",249,"18,6",61,"2,6"
2025-01-27,9,1011.0,10,2,9.0,28.0,62,42.0,1,253,"19,7",58,"2,6"
2025-01-27,10,1011.0,5,1,3.0,13.0,29,17.0,"2,9",247,"21,4",55,"5,7"
2025-01-27,11,1010.0,5,1,1.0,12.0,35,13.0,3,244,"22,9",52,"5,8"
2025-01-27,12,1009.0,10,1,2.0,11.0,76,13.0,"3,2",247,"24,1",47,"7,6"
2025-01-27,13,1008.0,25,2,2.0,10.0,188,11.0,"4,1",247,"25,2",42,"8,1"
2025-01-27,14,1007.0,21,2,1.0,8.0,148,8.0,"4,8",247,25,42,"9,3"
2025-01-27,15,1007.0,27,2,2.0,15.0,182,17.0,"2,8",258,"23,8",43,"6,1"
2025-01-27,16,1008.0,16,2,12.0,35.0,109,52.0,"0,8",272,"21,6",49,"2,7"
2025-01-27,17,1007.0,17,2,11.0,38.0,121,54.0,"0,5",259,"21,1",56,"1,8"
2025-01-27,18,1007.0,12,2,6.0,31.0,81,40.0,"0,6",206,"21,5",55,"2,5"
2025-01-27,19,1008.0,6,1,1.0,21.0,38,22.0,"0,4",238,"21,3",54,2
2025-01-27,20,1008.0,12,1,1.0,11.0,99,12.0,"2,2",246,"20,4",60,"5,5"
2025-01-27,21,1008.0,25,2,1.0,6.0,198,6.0,"3,1",251,"19,1",56,"7,5"
2025-01-27,22,1009.0,99,5,1.0,5.0,753,5.0,"3,5",258,"18,6",53,"8,4"
2025-01-27,23,1009.0,72,4,1.0,2.0,547,3.0,"3,5",257,"17,6",52,"8,1"
2025-01-28,0,1011.0,22,2,1.0,2.0,172,3.0,"3,2",261,"15,8",57,"6,5"
2025-01-28,1,1011.0,11,1,1.0,2.0,77,2.0,"3,6",256,16,53,"8,9"
2025-01-28,2,1011.0,21,2,1.0,2.0,144,2.0,"4,3",253,"15,6",52,"9,9"
2025-01-28,3,1013.0,7,1,1.0,2.0,44,2.0,"3,7",252,"14,5",52,"8,7"
2025-01-28,4,1013.0,14,2,1.0,1.0,89,2.0,"3,7",256,14,51,"8,5"
2025-01-28,5,1013.0,6,2,1.0,3.0,29,4.0,"3,8",254,"13,7",52,"8,3"
2025-01-28,6,1013.0,8,2,2.0,4.0,34,7.0,"2,8",257,"13,5",53,"6,4"
2025-01-28,7,1014.0,8,2,6.0,13.0,35,23.0,"2,9",259,"13,5",52,"6,5"
2025-01-28,8,1015.0,10,2,10.0,23.0,60,38.0,2,256,"13,2",54,"4,7"
2025-01-28,9,1016.0,34,2,12.0,25.0,278,44.0,"2,3",260,"13,3",56,"6,2"
2025-01-28,10,1016.0,54,3,8.0,18.0,428,31.0,"2,8",260,"12,3",55,"6,8"
2025-01-28,11,1016.0,12,1,7.0,15.0,96,25.0,"2,8",255,"14,1",50,"5,9"
2025-01-28,12,1017.0,24,2,6.0,18.0,192,27.0,"3,3",252,"14,3",49,"7,8"
2025-01-28,13,1016.0,27,2,6.0,15.0,212,24.0,"3,1",259,"15,5",43,"7,8"
2025-01-28,14,1016.0,50,3,4.0,14.0,388,20.0,"3,1",256,"16,2",37,"6,9"
2025-01-28,15,1016.0,36,3,4.0,14.0,281,20.0,3,261,"16,9",34,"6,3"
2025-01-28,16,1016.0,56,3,7.0,23.0,455,34.0,"2,5",262,"16,4",35,"5,9"
2025-01-28,17,1018.0,17,1,7.0,24.0,140,34.0,"1,9",267,"15,9",38,"4,2"
2025-01-28,18,1019.0,16,1,8.0,27.0,127,39.0,2,266,"15,2",41,"4,8"
2025-01-28,19,1020.0,6,1,5.0,23.0,41,30.0,"1,9",258,"14,3",46,"4,9"
2025-01-28,20,1021.0,3,1,3.0,12.0,21,17.0,"2,2",255,"13,8",49,"4,4"
2025-01-28,21,1022.0,4,1,2.0,6.0,20,9.0,"2,4",254,"13,4",51,5
2025-01-28,22,1022.0,8,1,2.0,5.0,62,7.0,"2,6",262,"13,4",52,"6,2"
2025-01-28,23,1022.0,13,2,1.0,3.0,94,5.0,"3,1",255,"13,1",54,"6,7"
2025-01-29,0,1023.0,4,1,1.0,2.0,15,3.0,"2,9",252,"12,8",56,"6,5"
2025-01-29,1,1023.0,2,1,1.0,1.0,6,2.0,"2,1",253,"12,6",57,"5,1"
2025-01-29,2,1023.0,3,1,1.0,1.0,4,2.0,"1,6",249,12,59,"3,8"
2025-01-29,3,1023.0,3,2,1.0,1.0,5,2.0,"1,1",247,"11,5",62,"3,2"
2025-01-29,4,1023.0,3,2,1.0,1.0,5,3.0,"1,7",248,"11,5",62,"4,1"
2025-01-29,5,1022.0,4,2,2.0,2.0,7,4.0,"1,3",239,"10,9",64,3
2025-01-29,6,1022.0,5,3,3.0,3.0,10,7.0,2,247,"10,8",65,"4,1"
2025-01-29,7,1022.0,6,3,4.0,8.0,14,14.0,"2,4",245,"10,8",63,"4,8"
2025-01-29,8,1022.0,8,3,8.0,14.0,27,27.0,"2,8",253,"10,8",63,"5,7"
2025-01-29,9,1021.0,13,7,8.0,12.0,38,25.0,"3,1",252,"11,6",60,"6,2"
2025-01-29,10,1022.0,12,8,7.0,11.0,30,22.0,"2,5",247,"11,3",60,"5,3"
2025-01-29,11,1022.0,18,12,6.0,14.0,44,22.0,"2,6",251,"11,7",59,"5,6"
2025-01-29,12,1020.0,13,7,6.0,13.0,46,21.0,"2,6",252,"12,6",54,"5,4"
2025-01-29,13,1019.0,10,4,6.0,16.0,44,26.0,"2,3",253,13,53,"4,6"
2025-01-29,14,1017.0,11,3,8.0,26.0,61,38.0,"1,3",256,"13,2",54,"3,2"
2025-01-29,15,1016.0,8,3,5.0,16.0,40,23.0,"1,9",252,"14,6",51,"4,7"
2025-01-29,16,1015.0,12,2,11.0,33.0,71,50.0,"0,9",232,"16,3",46,"2,6"
2025-01-29,17,1014.0,13,4,8.0,45.0,67,56.0,"0,2",135,"15,1",50,"1,2"
2025-01-29,18,1013.0,12,3,8.0,34.0,64,46.0,"1,1",248,"14,8",52,"2,5"
2025-01-29,19,1012.0,7,4,1.0,23.0,23,23.0,1,255,"14,5",49,"2,7"
2025-01-29,20,1012.0,13,6,7.0,42.0,51,52.0,"0,1",267,"12,8",56,"0,5"
2025-01-29,21,1012.0,9,5,4.0,27.0,30,32.0,"0,1",268,"12,2",56,"0,6"
2025-01-29,22,1011.0,6,4,2.0,14.0,18,17.0,"0,6",261,"12,9",53,"1,7"
2025-01-29,23,1011.0,5,3,2.0,11.0,12,12.0,"0,3",244,"12,4",56,"1,6"
2025-01-30,0,1011.0,2,1,1.0,3.0,5,4.0,"1,6",253,"13,6",60,"3,4"
2025-01-30,1,1011.0,1,1,1.0,2.0,3,2.0,2,251,13,65,"3,8"
2025-01-30,2,1011.0,3,1,1.0,2.0,10,3.0,"2,4",255,"12,8",59,"5,1"
2025-01-30,3,1011.0,4,2,1.0,1.0,14,2.0,"2,5",252,12,59,"4,9"
2025-01-30,4,1011.0,4,2,1.0,1.0,8,2.0,"2,2",254,"11,4",60,"4,7"
2025-01-30,5,1011.0,4,2,1.0,3.0,11,5.0,"1,8",254,"10,6",62,"4,3"
2025-01-30,6,1012.0,5,2,4.0,8.0,13,13.0,"1,5",255,"10,3",63,"3,3"
2025-01-30,7,1013.0,8,3,11.0,26.0,31,42.0,"0,6",253,"9,6",65,"1,6"
2025-01-30,8,1013.0,11,4,13.0,37.0,55,57.0,"0,5",246,"9,6",65,"1,9"
2025-01-30,9,1014.0,7,2,8.0,18.0,32,29.0,"1,5",250,"11,1",61,"3,3"
2025-01-30,10,1015.0,10,2,9.0,21.0,57,35.0,"1,8",255,"12,3",57,"3,7"
2025-01-30,11,1015.0,18,3,7.0,25.0,137,36.0,"1,2",273,"15,1",46,"3,7"
2025-01-30,12,1015.0,17,2,4.0,20.0,137,26.0,"1,6",276,"16,9",39,"4,3"
2025-01-30,13,1015.0,17,2,5.0,24.0,141,31.0,"1,4",276,18,36,"3,8"
2025-01-30,14,1015.0,10,1,1.0,15.0,78,15.0,"1,4",278,"18,6",35,4
2025-01-30,15,1015.0,9,1,3.0,21.0,66,24.0,"1,3",287,"17,4",38,"3,9"
2025-01-30,16,1016.0,19,2,20.0,55.0,139,85.0,"0,3",284,"16,3",41,"1,4"
2025-01-30,17,1016.0,12,2,9.0,41.0,80,55.0,"0,6",261,"16,3",41,"1,8"
2025-01-30,18,1017.0,10,2,10.0,40.0,62,55.0,"0,2",266,"15,3",50,"1,1"
2025-01-30,19,1017.0,5,1,2.0,26.0,29,28.0,"1,1",288,"14,6",50,"3,8"
2025-01-30,20,1018.0,5,1,1.0,9.0,33,9.0,"2,3",280,15,45,"6,5"
2025-01-30,21,1020.0,2,1,1.0,7.0,12,7.0,"1,5",291,"14,3",48,"5,4"
2025-01-30,22,1021.0,2,1,1.0,6.0,7,6.0,1,316,14,49,"3,6"
2025-01-30,23,1021.0,2,1,1.0,4.0,6,4.0,"0,9",310,"13,8",49,"3,5"
2025-01-31,0,1022.0,4,2,1.0,3.0,9,3.0,"0,6",299,"13,4",50,"2,4"
2025-01-31,1,1022.0,3,2,1.0,2.0,4,2.0,"0,8",302,"13,1",50,"2,6"
2025-01-31,2,1023.0,2,1,1.0,2.0,3,2.0,"0,9",305,"12,9",50,"3,3"
2025-01-31,3,1023.0,1,1,1.0,2.0,2,2.0,"0,6",324,"12,6",51,"2,6"
2025-01-31,4,1023.0,1,1,1.0,2.0,2,2.0,"0,5",316,"12,6",50,"2,4"
2025-01-31,5,1024.0,2,1,1.0,4.0,6,5.0,"0,6",306,"12,3",50,"2,5"
2025-01-31,6,1024.0,2,1,1.0,11.0,9,13.0,"0,6",314,"11,8",51,"2,4"
2025-01-31,7,1025.0,8,3,2.0,27.0,41,29.0,"0,6",315,"11,3",53,"2,1"
2025-01-31,8,1025.0,11,6,5.0,39.0,45,45.0,"0,6",318,"10,8",54,2
2025-01-31,9,1026.0,11,2,11.0,35.0,65,51.0,"0,3",300,"11,9",50,"2,3"
2025-01-31,10,1027.0,15,2,8.0,25.0,95,37.0,"0,7",285,"13,6",45,"3,1"
2025-01-31,11,1027.0,15,3,10.0,29.0,97,44.0,"0,6",291,"14,6",44,"2,1"
2025-01-31,12,1027.0,13,2,8.0,27.0,87,39.0,"0,5",273,"16,5",42,"1,7"
2025-01-31,13,1026.0,7,1,1.0,15.0,38,15.0,"0,4",240,"16,8",44,"1,7"
2025-01-31,14,1025.0,5,1,1.0,13.0,24,13.0,"0,8",208,"17,3",43,"2,5"
2025-01-31,15,1025.0,6,2,1.0,15.0,32,15.0,1,107,"17,1",45,"2,7"
2025-01-31,16,1025.0,7,3,1.0,12.0,30,12.0,"1,6",94,"16,1",51,"3,6"
2025-01-31,17,1025.0,8,4,1.0,17.0,32,17.0,"1,1",93,"14,8",58,"2,9"
2025-01-31,18,1025.0,10,7,1.0,22.0,30,22.0,"0,8",94,"13,4",64,"2,3"
2025-01-31,19,1026.0,8,3,1.0,27.0,37,27.0,"0,1",59,"12,9",68,"0,8"
2025-01-31,20,1026.0,7,3,1.0,39.0,29,41.0,"0,1",62,"12,8",70,"0,4"
2025-01-31,21,1026.0,10,4,6.0,41.0,35,50.0,"0,1",98,"12,3",73,"0,5"
2025-01-31,22,1026.0,12,5,8.0,38.0,46,50.0,"0,1",102,"11,3",77,"0,2"
2025-01-31,23,1026.0,16,10,5.0,45.0,46,53.0,"0,1",312,"9,9",80,"0,6"
2024-12-20,11,,18,4,,,116,,1,257,"11,1",51,3
2024-12-20,12,,14,2,,,96,,"0,8",249,"13,5",43,"2,8"
2024-12-20,13,,18,2,,,130,,"0,2",233,"15,4",36,"1,7"
2024-12-20,14,,16,2,,,126,,"0,1",217,"17,1",31,"0,5"
2024-12-20,15,,18,3,,,120,,"0,1",227,"17,6",30,"0,7"
2024-12-20,16,,22,4,,,142,,"0,1",243,"16,9",31,"0,3"
2024-12-20,17,,33,5,,,218,,"0,1",106,15,40,"0,1"
2024-12-20,18,,47,8,,,307,,"0,1",116,"13,2",48,"0,1"
2024-12-20,19,,60,10,,,368,,"0,1",195,"11,2",56,"0,1"
2024-12-20,20,,61,15,,,336,,"0,1",145,11,56,"0,1"
2024-12-20,21,,92,19,,,484,,"0,1",205,"9,8",61,"0,1"
2024-12-20,22,,63,18,,,308,,"0,1",252,9,61,"0,1"
2024-12-20,23,,21,9,,,91,,"0,1",289,9,58,"0,1"
2024-12-21,0,,13,5,,,60,,"0,1",301,"8,6",59,"0,1"
2024-12-21,1,,8,3,,,42,,"0,1",291,"8,5",57,"0,7"
2024-12-21,2,,5,2,,,24,,"0,1",284,"8,5",56,"0,5"
2024-12-21,3,,4,2,,,16,,"0,1",255,"7,4",61,"0,1"
2024-12-21,4,,3,2,,,12,,"0,1",269,"5,7",67,"0,5"
2024-12-21,5,,4,2,,,18,,"0,1",257,"5,2",69,"0,1"
2024-12-21,6,,3,1,,,12,,"0,1",264,"5,4",68,"0,4"
2024-12-21,7,,15,3,,,89,,"0,1",259,"5,2",70,"0,1"
2024-12-21,8,,41,7,,,234,,"0,1",259,"4,7",74,"0,1"
2024-12-21,9,,53,11,,,314,,"0,1",259,"5,6",71,"0,1"
2024-12-21,10,,32,13,,,156,,"0,1",259,8,63,"0,1"
2024-12-21,11,,21,10,,,97,,"0,1",142,"11,1",54,"0,1"
2024-12-21,12,,21,8,,,117,,"0,1",217,"13,1",49,"0,4"
2024-12-21,13,,14,6,,,74,,"0,1",124,"13,9",46,"0,5"
2024-12-21,14,,12,6,,,56,,"0,1",100,"14,7",46,"1,1"
2024-12-21,15,,10,5,,,46,,"0,5",103,"15,1",44,"1,9"
2024-12-21,16,,15,5,,,80,,"0,1",101,"15,1",44,"0,4"
2024-12-21,17,,21,6,,,121,,"0,1",101,"13,8",48,"0,1"
2024-12-21,18,,23,8,,,118,,"0,1",155,"12,3",59,"0,1"
2024-12-21,19,,70,14,,,431,,"0,1",226,10,68,"0,1"
2024-12-21,20,,57,20,,,271,,"0,1",229,"8,7",70,"0,1"
2024-12-21,21,,40,17,,,178,,"0,1",238,"7,7",71,"0,1"
2024-12-21,22,,33,18,,,124,,"0,1",248,"7,3",72,"0,1"
2024-12-21,23,,39,19,,,166,,"0,1",250,7,73,"0,1"
2024-12-22,0,,22,12,,,78,,"0,1",256,7,72,"0,1"
2024-12-22,1,,14,8,,,46,,"0,1",269,"7,4",69,"0,2"
2024-12-22,2,,5,3,,,20,,"0,1",252,"8,7",64,"0,3"
2024-12-22,3,,3,2,,,11,,"0,1",258,"8,2",66,"0,1"
2024-12-22,4,,4,2,,,12,,"0,1",265,"7,8",66,"0,5"
2024-12-22,5,,4,2,,,12,,"0,1",263,"7,3",68,"0,1"
2024-12-22,6,,5,2,,,17,,"0,1",255,"7,5",67,"0,3"
2024-12-22,7,,10,3,,,46,,"0,1",260,"6,7",71,"0,1"
2024-12-22,8,,16,5,,,83,,"0,1",270,"6,8",70,"0,1"
2024-12-22,9,,20,6,,,112,,"0,1",259,"8,6",63,"0,9"
2024-12-22,10,,21,4,,,137,,"0,3",253,"11,6",55,"1,3"
2024-12-22,11,,14,3,,,96,,"0,5",252,"14,5",48,"2,2"
2024-12-22,12,,16,3,,,115,,"1,2",250,"16,7",44,"3,2"
2024-12-22,13,,12,3,,,85,,"1,6",247,"17,8",43,"3,5"
2024-12-22,14,,17,6,,,99,,"0,9",251,"19,5",41,"3,1"
2024-12-22,15,,20,4,,,142,,2,252,"20,1",39,"4,7"
2024-12-22,16,,14,3,,,91,,"1,4",247,"19,8",40,"3,5"
2024-12-22,17,,16,4,,,99,,"0,3",243,"18,6",44,"1,4"
2024-12-22,18,,15,3,,,102,,"0,4",251,"16,8",48,"1,7"
2024-12-22,19,,8,1,,,57,,"1,7",254,"18,2",40,"4,3"
2024-12-22,20,,14,3,,,99,,"1,1",266,"17,5",41,"3,7"
2024-12-22,21,,8,2,,,47,,"0,1",282,"15,8",45,"1,1"
2024-12-22,22,,6,2,,,27,,"0,2",273,"15,2",47,"1,4"
2024-12-22,23,,7,2,,,32,,"0,1",308,"14,2",49,"0,1"
2024-12-23,0,,5,2,,,24,,"0,1",263,"13,6",51,"0,5"
2024-12-23,1,,4,2,,,16,,"0,1",264,"11,6",58,"0,2"
2024-12-23,2,,2,2,,,5,,"0,3",245,12,57,"1,4"
2024-12-23,3,,12,1,,,110,,"0,6",274,"13,9",47,"2,9"
2024-12-23,4,,137,6,,,1195,,"2,7",269,"15,3",39,"8,5"
2024-12-23,5,,32,2,,,270,,"2,3",279,"14,9",40,"7,2"
2024-12-23,6,,40,3,,,323,,"2,3",269,"14,4",40,"7,5"
2024-12-23,7,,43,3,,,350,,"2,5",269,"14,3",39,"8,4"
2024-12-23,8,,18,1,,,143,,2,278,14,40,"6,8"
2024-12-23,9,,23,2,,,187,,2,280,"13,9",41,"6,7"
2024-12-23,10,,18,1,,,142,,"1,2",273,"14,3",41,"4,9"
2024-12-23,11,,26,2,,,218,,"1,6",269,"15,2",38,6
2024-12-23,12,,29,2,,,231,,"2,2",280,"15,9",35,"7,6"
2024-12-23,13,,49,3,,,405,,"3,2",266,16,34,"8,7"
2024-12-23,14,,15,1,,,114,,"2,8",271,"16,8",33,"7,9"
2024-12-23,15,,12,1,,,90,,"2,1",269,"17,2",31,"7,4"
2024-12-23,16,,10,2,,,77,,"1,3",274,"17,2",30,"5,6"
2024-12-23,17,,12,2,,,82,,"0,4",288,"16,1",31,"2,7"
2024-12-23,18,,13,2,,,96,,"0,9",286,"15,3",32,"4,5"
2024-12-23,19,,7,1,,,41,,"0,3",287,"14,5",35,"2,4"
2024-12-23,20,,5,1,,,33,,"0,7",286,"14,1",36,4
2024-12-23,21,,4,2,,,20,,"0,6",289,"13,2",40,"2,6"
2024-12-23,22,,5,2,,,21,,"0,1",319,"12,6",41,"0,4"
2024-12-23,23,,4,1,,,17,,"0,1",302,"12,6",41,"0,7"
2024-12-24,0,,6,4,,,19,,"0,1",258,"9,9",50,"0,1"
2024-12-24,1,,7,4,,,22,,"0,1",281,"8,8",54,"0,1"
2024-12-24,2,,7,3,,,26,,"0,1",253,"7,9",57,"0,1"
2024-12-24,3,,3,2,,,9,,"0,1",261,"7,5",59,"0,2"
2024-12-24,4,,4,2,,,17,,"0,1",98,"7,3",60,"0,1"
2024-12-24,5,,7,2,,,33,,"0,1",104,"6,9",62,"0,1"
2024-12-24,6,,15,4,,,75,,"0,1",144,"6,4",66,"0,1"
2024-12-24,7,,24,6,,,126,,"0,1",158,"5,6",68,"0,1"
2024-12-24,8,,43,9,,,243,,"0,1",293,"5,8",68,"0,1"
2024-12-24,9,,47,13,,,249,,"0,1",126,"7,4",64,"0,1"
2024-12-24,10,,30,9,,,162,,"0,1",225,"9,9",58,"0,1"
2024-12-24,11,,22,7,,,112,,"0,2",248,"13,6",51,"0,9"
2024-12-24,12,,12,2,,,78,,"0,3",250,"16,7",42,"2,2"
2024-12-24,13,,17,5,,,97,,"0,2",234,"17,7",41,"1,8"
2024-12-24,14,,15,5,,,89,,"0,1",224,"19,1",39,"0,5"
2024-12-24,15,,10,4,,,52,,"0,1",161,"20,1",38,"0,4"
2024-12-24,16,,15,5,,,88,,"0,1",150,"19,6",41,"0,1"
2024-12-24,17,,31,8,,,187,,"0,1",97,"16,3",54,"0,1"
2024-12-24,18,,35,11,,,189,,"0,1",113,"14,4",60,"0,1"
2024-12-24,19,,53,13,,,293,,"0,1",251,"12,3",68,"0,1"
2024-12-24,20,,63,17,,,315,,"0,1",262,"11,3",72,"0,1"
2024-12-24,21,,61,20,,,270,,"0,1",263,"10,6",74,"0,1"
2024-12-24,22,,52,27,,,164,,"0,1",233,"10,1",76,"0,1"
2024-12-24,23,,45,31,,,108,,"0,1",230,"9,5",78,"0,1"
2024-12-25,0,,42,28,,,116,,"0,1",261,"8,6",79,"0,1"
2024-12-25,1,,42,20,,,171,,"0,1",261,"8,8",79,"0,1"
2024-12-25,2,,22,12,,,80,,"0,1",261,"8,9",78,"0,1"
2024-12-25,3,,15,9,,,37,,"0,1",261,"8,2",80,"0,1"
2024-12-25,4,,16,10,,,44,,"0,1",261,"7,5",82,"0,1"
2024-12-25,5,,12,9,,,30,,"0,1",262,"7,2",83,"0,1"
2024-12-25,6,,8,6,,,21,,"0,1",263,"7,3",82,"0,1"
2024-12-25,7,,9,5,,,24,,"0,1",263,"7,2",82,"0,1"
2024-12-25,8,,15,10,,,38,,"0,1",263,"6,6",83,"0,1"
2024-12-25,9,,38,24,,,119,,"0,1",266,"7,7",81,"0,1"
2024-12-25,10,,13,5,,,67,,"0,1",286,"11,3",70,"0,1"
2024-12-25,11,,11,4,,,61,,"0,2",84,"14,8",65,"1,2"
2024-12-25,12,,4,2,,,17,,"0,6",83,"16,9",73,"3,1"
2024-12-25,13,,5,2,,,28,,"0,4",80,"16,7",72,"2,5"
2024-12-25,14,,6,2,,,26,,"0,3",87,"16,8",72,2
2024-12-25,15,,6,2,,,21,,"0,2",89,"16,6",75,"1,8"
2024-12-25,16,,7,3,,,24,,"0,4",96,"16,4",76,"2,2"
2024-12-25,17,,7,3,,,27,,"0,2",99,"15,4",81,"1,1"
2024-12-25,18,,10,3,,,47,,"0,1",108,"14,9",80,"0,3"
2024-12-25,19,,14,4,,,73,,"0,1",93,"14,7",78,"0,1"
2024-12-25,20,,19,5,,,102,,"0,1",124,"14,4",80,"0,1"
2024-12-25,21,,19,6,,,85,,"0,1",225,"13,8",83,"0,1"
2024-12-25,22,,21,8,,,93,,"0,1",225,"13,4",84,"0,1"
2024-12-25,23,,24,9,,,102,,"0,1",225,12,88,"0,1"
2024-12-26,0,,20,11,,,57,,"0,1",227,"11,2",90,"0,1"
2024-12-26,1,,17,11,,,38,,"0,1",246,"10,1",92,"0,1"
2024-12-26,2,,15,12,,,25,,"0,1",248,"9,4",93,"0,1"
2024-12-26,3,,16,13,,,23,,"0,1",248,"8,7",93,"0,1"
2024-12-26,4,,12,10,,,17,,"0,1",259,"8,7",94,"0,1"
2024-12-26,5,,13,9,,,33,,"0,1",287,"8,7",93,"0,1"
2024-12-26,6,,14,9,,,44,,"0,1",287,9,93,"0,1"
2024-12-26,7,,23,9,,,110,,"0,1",286,"9,3",91,"0,1"
2024-12-26,8,,34,10,,,192,,"0,1",278,10,89,"0,1"
2024-12-26,9,,41,15,,,201,,"0,1",254,"10,5",89,"0,1"
2024-12-26,10,,36,12,,,193,,"0,1",275,"12,2",86,"0,1"
2024-12-26,11,,42,15,,,218,,"0,1",251,"13,8",80,"0,1"
2024-12-26,12,,33,12,,,169,,"0,1",164,15,77,"0,5"
2024-12-26,13,,33,16,,,135,,"0,1",143,"15,2",75,"0,1"
2024-12-26,14,,16,7,,,72,,"0,1",139,"16,4",66,"1,2"
2024-12-26,15,,11,4,,,51,,"0,2",98,"16,8",63,"1,7"
2024-12-26,16,,13,4,,,72,,"0,1",103,"16,1",61,"0,5"
2024-12-26,17,,18,4,,,105,,"0,1",112,15,68,"0,5"
2024-12-26,18,,33,7,,,212,,"0,1",129,"13,7",78,"0,1"
2024-12-26,19,,55,10,,,340,,"0,1",129,"12,4",83,"0,1"
2024-12-26,20,,46,12,,,244,,"0,1",129,"11,4",85,"0,1"
2024-12-26,21,,46,16,,,212,,"0,1",129,"10,6",87,"0,1"
2024-12-26,22,,42,19,,,163,,"0,1",245,"10,6",87,"0,1"
2024-12-26,23,,33,19,,,106,,"0,1",283,"9,9",88,"0,1"
2024-12-27,0,,27,19,,,70,,"0,1",297,"9,4",89,"0,1"
2024-12-27,1,,19,15,,,36,,"0,1",301,"9,4",89,"0,1"
2024-12-27,2,,15,12,,,31,,"0,1",315,"9,3",89,"0,1"
2024-12-27,3,,13,11,,,21,,"0,1",313,"8,6",91,"0,1"
2024-12-27,4,,10,8,,,15,,"0,1",311,"8,8",91,"0,1"
2024-12-27,5,,10,7,,,22,,"0,1",271,"8,5",91,"0,1"
2024-12-27,6,,10,6,,,31,,"0,1",306,"8,2",90,"0,1"
2024-12-27,7,,16,7,,,70,,"0,1",84,8,89,"0,1"
2024-12-27,8,,28,9,114.0,58.0,147,232.0,"0,1",316,"7,9",88,"0,1"
2024-12-27,9,,27,9,102.0,50.0,133,207.0,"0,1",310,"8,8",85,"0,4"
2024-12-27,10,,25,11,87.0,50.0,114,184.0,"0,1",313,"10,3",80,"0,1"
2024-12-27,11,,23,12,60.0,50.0,88,141.0,"0,1",335,"12,5",75,"0,6"
2024-12-27,12,,42,22,125.0,57.0,161,247.0,"0,2",128,"11,5",82,"0,5"
2024-12-27,13,,42,22,130.0,60.0,158,260.0,"0,1",214,12,84,"0,2"
2024-12-27,14,,39,29,,,88,,"0,1",249,"12,2",88,"0,1"
2024-12-27,15,,42,34,64.0,48.0,85,146.0,"0,1",249,"12,9",89,"0,1"
2024-12-27,16,,29,19,74.0,51.0,81,165.0,"0,1",224,"13,1",89,"0,1"
2024-12-27,17,,44,23,234.0,60.0,157,418.0,"0,1",207,12,92,"0,1"
2024-12-27,18,,58,25,350.0,63.0,239,600.0,"0,1",204,"10,9",93,"0,1"
2024-12-27,19,,50,22,195.0,49.0,202,347.0,"0,1",204,"10,5",93,"0,1"
2024-12-27,20,,48,25,139.0,49.0,170,262.0,"0,1",243,10,91,"0,1"
2024-12-27,21,,45,26,119.0,48.0,141,231.0,"0,1",267,"9,4",90,"0,1"
2024-12-27,22,,42,28,115.0,41.0,111,218.0,"0,1",267,"8,5",92,"0,1"
2024-12-27,23,,33,25,49.0,39.0,72,114.0,"0,1",271,"8,5",91,"0,1"
2024-12-28,0,,25,21,23.0,36.0,40,72.0,"0,1",302,"8,6",90,"0,1"
2024-12-28,1,,20,18,9.0,26.0,30,40.0,"0,1",324,"9,5",87,"0,1"
2024-12-28,2,,19,16,9.0,26.0,30,39.0,"0,1",276,"9,4",87,"0,1"
2024-12-28,3,,16,14,3.0,20.0,23,24.0,"0,1",264,"9,5",86,"0,1"
2024-12-28,4,,14,12,2.0,16.0,20,18.0,"0,1",279,"9,6",86,"0,1"
2024-12-28,5,,13,11,5.0,16.0,20,23.0,"0,1",279,"9,8",84,"0,1"
2024-12-28,6,,14,11,5.0,21.0,27,29.0,"0,1",281,"9,1",86,"0,1"
2024-12-28,7,,15,11,25.0,30.0,36,68.0,"0,1",258,"8,3",87,"0,2"
2024-12-28,8,,17,10,58.0,37.0,65,127.0,"0,1",268,"8,4",86,"0,1"
2024-12-28,9,,20,11,52.0,51.0,78,130.0,"0,1",305,"9,5",78,"0,3"
2024-12-28,10,,23,12,49.0,46.0,105,121.0,"0,1",275,10,76,"0,3"
2024-12-28,11,,23,10,33.0,40.0,118,90.0,"0,1",275,"12,3",66,"0,4"
2024-12-28,12,,18,8,21.0,34.0,88,66.0,"0,1",266,"14,4",58,"0,2"
2024-12-28,13,,15,9,8.0,26.0,54,38.0,"0,1",224,"15,1",57,"0,2"
2024-12-28,14,,14,9,5.0,26.0,52,34.0,"0,1",150,16,56,"0,8"
2024-12-28,15,,8,4,17.0,37.0,25,62.0,"0,3",103,16,57,"2,2"
2024-12-28,16,,8,4,10.0,33.0,28,47.0,"0,3",99,"15,3",59,"1,9"
2024-12-28,17,,10,5,4.0,37.0,38,44.0,"0,1",90,"14,1",65,"0,5"
2024-12-28,18,,13,7,7.0,41.0,53,52.0,"0,1",138,"12,9",75,"0,1"
2024-12-28,19,,36,19,18.0,59.0,125,87.0,"0,1",189,"10,9",82,"0,1"
2024-12-28,20,,32,21,32.0,50.0,92,98.0,"0,1",200,"9,4",85,"0,1"
2024-12-28,21,,34,18,33.0,53.0,124,103.0,"0,1",221,"9,2",86,"0,1"
2024-12-28,22,,30,20,15.0,43.0,85,66.0,"0,1",298,"8,9",84,"0,1"
2024-12-28,23,,25,18,8.0,33.0,65,45.0,"0,1",317,"8,3",85,"0,1"
2024-12-29,0,,20,14,9.0,33.0,55,47.0,"0,1",316,"7,6",85,"0,1"
2024-12-29,1,,20,14,11.0,32.0,57,49.0,"0,1",316,"6,8",86,"0,1"
2024-12-29,2,,20,13,13.0,29.0,54,47.0,"0,1",316,"6,3",86,"0,1"
2024-12-29,3,,13,11,5.0,19.0,23,25.0,"0,1",266,"5,8",85,"0,1"
2024-12-29,4,,14,11,4.0,17.0,26,22.0,"0,1",271,"5,2",87,"0,1"
2024-12-29,5,,11,10,4.0,16.0,20,21.0,"0,1",273,"4,8",88,"0,1"
2024-12-29,6,,10,7,4.0,18.0,22,23.0,"0,1",282,"5,1",85,"0,1"
2024-12-29,7,,9,5,35.0,29.0,30,82.0,"0,1",268,5,84,"0,1"
2024-12-29,8,,15,6,75.0,37.0,69,151.0,"0,1",277,"4,7",85,"0,1"
2024-12-29,9,,18,7,78.0,40.0,99,160.0,"0,1",283,"5,7",83,"0,1"
2024-12-29,10,,12,6,123.0,37.0,53,225.0,"0,1",274,"8,3",74,"0,3"
2024-12-29,11,,11,6,33.0,30.0,43,81.0,"0,1",272,11,66,"0,1"
2024-12-29,12,,13,9,21.0,33.0,44,64.0,"0,1",245,"12,8",62,"0,1"
2024-12-29,13,,13,8,20.0,38.0,42,68.0,"0,1",76,"13,6",60,"0,1"
2024-12-29,14,,13,9,7.0,30.0,43,41.0,"0,1",115,"14,8",57,"0,5"
2024-12-29,15,,15,10,40.0,51.0,38,111.0,"0,6",100,15,59,2
2024-12-29,16,,15,10,55.0,69.0,37,152.0,"0,5",96,"14,3",63,"1,7"
2024-12-29,17,,15,9,30.0,62.0,52,107.0,"0,1",104,"13,1",68,"0,7"
2024-12-29,18,,53,11,82.0,69.0,334,195.0,"0,1",120,"10,8",77,"0,1"
2024-12-29,19,,80,17,107.0,57.0,471,222.0,"0,1",120,"9,5",82,"0,1"
2024-12-29,20,,62,22,84.0,49.0,295,178.0,"0,1",121,"8,5",84,"0,1"
2024-12-29,21,,42,21,64.0,52.0,160,149.0,"0,1",135,"8,3",85,"0,1"
2024-12-29,22,,27,21,18.0,41.0,61,68.0,"0,1",311,"8,5",83,"0,1"
2024-12-29,23,,23,20,7.0,32.0,39,43.0,"0,1",311,"8,2",82,"0,1"
2024-12-30,0,,21,18,3.0,28.0,34,32.0,"0,1",314,"7,9",82,"0,2"
2024-12-30,1,,17,15,1.0,18.0,25,19.0,"0,1",327,"7,7",82,"0,4"
2024-12-30,2,,14,12,2.0,14.0,23,16.0,"0,1",298,7,83,"0,1"
2024-12-30,3,,13,12,2.0,13.0,21,15.0,"0,1",308,"6,9",82,"0,1"
2024-12-30,4,,13,11,5.0,19.0,21,26.0,"0,1",280,"6,9",82,"0,1"
2024-12-30,5,,13,10,5.0,19.0,30,25.0,"0,1",283,"6,8",82,"0,1"
2024-12-30,6,,15,11,13.0,24.0,36,43.0,"0,1",305,"6,5",83,"0,1"
2024-12-30,7,,19,11,49.0,39.0,71,115.0,"0,1",240,"6,2",85,"0,1"
2024-12-30,8,,35,13,169.0,49.0,184,309.0,"0,1",246,"5,7",87,"0,1"
2024-12-30,9,,34,13,97.0,49.0,173,198.0,"0,1",253,"6,3",86,"0,1"
2024-12-30,10,,19,11,70.0,45.0,79,152.0,"0,1",295,"8,5",80,"0,1"
2024-12-30,11,,19,12,35.0,40.0,68,94.0,"0,1",288,"11,5",69,"0,1"
2024-12-30,12,,21,12,20.0,38.0,81,69.0,"0,1",262,"13,5",61,"0,2"
2024-12-30,13,,19,10,24.0,39.0,78,76.0,"0,1",44,"14,2",61,"0,1"
2024-12-30,14,,15,7,6.0,30.0,63,39.0,"0,1",170,"15,2",59,"0,1"
2024-12-30,15,,14,7,8.0,38.0,60,50.0,"0,2",111,"15,6",59,"1,3"
2024-12-30,16,,12,6,6.0,38.0,48,47.0,"0,1",101,"14,8",66,"1,4"
2024-12-30,17,,18,11,15.0,54.0,64,78.0,"0,1",98,"13,5",73,"0,8"
2024-12-30,18,,32,13,75.0,83.0,170,198.0,"0,1",98,"11,8",80,"0,1"
2024-12-30,19,,53,16,88.0,73.0,284,208.0,"0,1",98,"10,3",85,"0,1"
2024-12-30,20,,56,21,83.0,64.0,263,191.0,"0,1",98,"9,3",87,"0,1"
2024-12-30,21,,54,23,86.0,63.0,234,195.0,"0,1",39,9,88,"0,1"
2024-12-30,22,,34,24,37.0,57.0,87,114.0,"0,1",316,"8,8",87,"0,1"
2024-12-30,23,,28,24,14.0,41.0,50,63.0,"0,1",314,"8,5",86,"0,1"
2024-12-31,0,,24,21,5.0,29.0,38,36.0,"0,1",334,"8,2",86,"0,3"
2024-12-31,1,,22,19,2.0,24.0,34,26.0,"0,1",326,"8,2",86,"0,2"
2024-12-31,2,,21,19,2.0,19.0,29,23.0,"0,1",313,"8,3",87,"0,3"
2024-12-31,3,,18,16,1.0,12.0,24,14.0,"0,1",313,"8,4",85,"0,1"
2024-12-31,4,,15,13,1.0,9.0,20,10.0,"0,1",315,"8,7",83,"0,6"
2024-12-31,5,,14,12,1.0,10.0,22,11.0,"0,1",307,"8,8",82,"0,4"
2024-12-31,6,,13,10,3.0,14.0,23,19.0,"0,1",296,"8,9",79,"0,7"
2024-12-31,7,,15,10,12.0,30.0,48,47.0,"0,1",304,"8,9",79,"0,9"
2024-12-31,8,,14,10,13.0,38.0,32,58.0,"0,1",294,"8,6",81,"1,4"
2024-12-31,9,,12,9,32.0,48.0,19,97.0,"0,1",278,8,91,"0,5"
2024-12-31,10,,12,10,19.0,40.0,17,69.0,"0,1",309,"8,1",92,"0,8"
2024-12-31,11,,21,18,48.0,51.0,27,124.0,"0,1",310,"8,6",92,"0,2"
2024-12-31,12,,14,12,67.0,51.0,22,153.0,"0,1",278,"9,1",92,"0,1"
2024-12-31,13,,16,14,35.0,45.0,23,99.0,"0,1",301,"10,3",91,"0,1"
2024-12-31,14,,15,13,17.0,35.0,21,61.0,"0,1",260,"11,8",84,"0,7"
2024-12-31,15,,16,14,12.0,39.0,22,57.0,"0,1",305,"12,7",80,"0,5"
2024-12-31,16,,17,14,7.0,35.0,28,46.0,"0,1",332,"12,9",81,"0,3"
2024-12-31,17,,9,8,1.0,22.0,13,23.0,"0,1",69,"12,8",82,"0,3"
2024-12-31,18,,11,9,1.0,28.0,15,29.0,"0,1",51,"12,6",86,"0,3"
2024-12-31,19,,11,10,2.0,37.0,15,41.0,"0,1",65,"12,7",87,"0,7"
2024-12-31,20,,6,5,2.0,20.0,8,22.0,"0,5",255,"10,7",90,"1,6"
2024-12-31,21,,8,7,2.0,16.0,11,18.0,"0,1",305,"10,1",94,"0,4"
2024-12-31,22,,8,7,1.0,12.0,9,12.0,"0,1",316,"10,1",95,"0,1"
2024-12-31,23,,9,8,2.0,12.0,10,13.0,"0,1",302,10,96,"0,1"
